timestamp,city,state,lat,lon,aqi,pm25,pm10,co,no2,so2,o3,temperature,humidity,wind_speed
2026-07-20 09:52:28,Delhi,Delhi,28.6139,77.209,105,105,101,27.6,18.7,7.2,2.1,28.27,81,6.36
2026-07-20 09:52:28,Mumbai,Maharashtra,19.076,72.8777,82,82,75,5.9,5.8,4.4,4.4,28.65,78,8.56
2026-07-20 09:52:28,Bangalore,Karnataka,12.9716,77.5946,67,51,67,4.6,6.8,2.5,7,28.43,62,7.69
2026-07-20 09:52:28,Kolkata,West Bengal,22.5726,88.3639,172,172,,,,,,29.47,75,5.5
2026-07-20 09:52:28,Chennai,Tamil Nadu,13.0827,80.2707,46,46,,,,,,35.35,55,0.45
2026-07-20 09:52:28,Hyderabad,Telangana,17.385,78.4867,93,93,,,,,,28.79,62,7.05
2026-07-20 09:52:28,Pune,Maharashtra,18.5204,73.8567,82,82,75,5.9,5.8,4.4,4.4,24.63,76,6.32
2026-07-20 09:52:28,Lucknow,Uttar Pradesh,26.8467,80.9462,128,128,91,10.8,3,3.4,28.4,32.14,54,4.04
2026-07-20 09:52:28,Patna,Bihar,25.5941,85.1376,21,107,,1,0.5,0.6,20.9,33.42,56,4.37
2026-07-20 09:52:28,Ahmedabad,Gujarat,23.0225,72.5714,82,82,75,5.9,5.8,4.4,4.4,34.35,46,5.98
2026-07-20 09:52:28,Jaipur,Rajasthan,26.9124,75.7873,82,82,75,5.9,5.8,4.4,4.4,30.5,57,7.02
2026-07-20 09:52:28,Chandigarh,Chandigarh,30.7333,76.7794,163,163,126,6.8,7.2,4.2,4.2,30.89,63,2.04
2026-07-20 09:52:28,Bhopal,Madhya Pradesh,23.2599,77.4126,67,51,67,4.6,6.8,2.5,7,31.25,55,3.55
2026-07-20 09:52:28,Kanpur,Uttar Pradesh,26.4499,80.3319,150,150,86,6.3,9.9,0.4,5.4,28.41,73,2.8
2026-07-20 09:52:28,Guwahati,Assam,26.1445,91.7362,58,13,9,1.9,3.7,2.6,58.4,26.33,91,1.4
2026-07-20 12:22:11,Delhi,Delhi,28.6139,77.209,81,81,74,27.8,15.7,8.8,2,27.47,82,4.19
2026-07-20 12:22:11,Mumbai,Maharashtra,19.076,72.8777,154,154,79,7.1,10.7,4.2,4.9,28.21,80,9.26
2026-07-20 12:22:11,Bangalore,Karnataka,12.9716,77.5946,94,94,53,3.7,5.6,2.6,5,28.26,64,1.34
2026-07-20 12:22:11,Kolkata,West Bengal,22.5726,88.3639,172,172,,,,,,28.05,83,4.2
2026-07-20 12:22:11,Chennai,Tamil Nadu,13.0827,80.2707,46,46,,,,,,31.29,68,1.34
2026-07-20 12:22:11,Hyderabad,Telangana,17.385,78.4867,93,93,,,,,,27.75,66,6.5
2026-07-20 12:22:11,Pune,Maharashtra,18.5204,73.8567,154,154,79,7.1,10.7,4.2,4.9,25.18,69,5.11
2026-07-20 12:22:11,Lucknow,Uttar Pradesh,26.8467,80.9462,128,128,91,10.8,3,3.4,28.4,30.58,60,5.49
2026-07-20 12:22:11,Patna,Bihar,25.5941,85.1376,21,107,,1,0.5,0.6,20.9,31.91,63,5.76
2026-07-20 12:22:11,Ahmedabad,Gujarat,23.0225,72.5714,154,154,79,7.1,10.7,4.2,4.9,33.47,50,4.07
2026-07-20 12:22:11,Jaipur,Rajasthan,26.9124,75.7873,154,154,79,7.1,10.7,4.2,4.9,30.34,57,6.64
2026-07-20 12:22:11,Chandigarh,Chandigarh,30.7333,76.7794,170,170,100,7.3,7.4,3.5,8.2,31.89,60,6.14
2026-07-20 12:22:11,Bhopal,Madhya Pradesh,23.2599,77.4126,94,94,53,3.7,5.6,2.6,5,29.42,64,2.6
2026-07-20 12:22:11,Kanpur,Uttar Pradesh,26.4499,80.3319,150,150,86,6.3,9.9,0.4,5.4,28.83,73,3.23
2026-07-20 12:22:11,Guwahati,Assam,26.1445,91.7362,64,42,11,1.9,2.3,2.1,64.3,25.57,95,0.87
2026-07-20 12:57:54,Delhi,Delhi,28.6139,77.209,67,63,67,25.9,13.7,8.7,1.9,28.2,72,2.46
2026-07-20 12:57:54,Mumbai,Maharashtra,19.076,72.8777,65,65,60,6.4,9.2,3.5,4,28.19,80,8.91
2026-07-20 12:57:54,Bangalore,Karnataka,12.9716,77.5946,48,48,48,4.3,7,2.9,5,25.83,69,1.34
2026-07-20 12:57:54,Kolkata,West Bengal,22.5726,88.3639,172,172,,,,,,27.81,84,3.92
2026-07-20 12:57:54,Chennai,Tamil Nadu,13.0827,80.2707,46,46,,,,,,30.93,69,4.02
2026-07-20 12:57:54,Hyderabad,Telangana,17.385,78.4867,93,93,,,,,,26.5,72,5.81
2026-07-20 12:57:54,Pune,Maharashtra,18.5204,73.8567,65,65,60,6.4,9.2,3.5,4,24.63,78,4.74
2026-07-20 12:57:54,Lucknow,Uttar Pradesh,26.8467,80.9462,128,128,91,10.8,3,3.4,28.4,29.37,69,4.6
2026-07-20 12:57:54,Patna,Bihar,25.5941,85.1376,21,107,,1,0.5,0.6,20.9,30.54,70,5.65
2026-07-20 12:57:54,Ahmedabad,Gujarat,23.0225,72.5714,65,65,60,6.4,9.2,3.5,4,32.5,55,6.56
2026-07-20 12:57:54,Jaipur,Rajasthan,26.9124,75.7873,65,65,60,6.4,9.2,3.5,4,28.06,68,5.85
2026-07-20 12:57:54,Chandigarh,Chandigarh,30.7333,76.7794,124,124,76,6.1,6.5,3.8,3.8,28.49,77,5.57
2026-07-20 12:57:54,Bhopal,Madhya Pradesh,23.2599,77.4126,48,48,48,4.3,7,2.9,5,28.27,71,1.91
2026-07-20 12:57:54,Kanpur,Uttar Pradesh,26.4499,80.3319,150,150,86,6.3,9.9,0.4,5.4,30.7,64,2.7
2026-07-20 12:57:54,Guwahati,Assam,26.1445,91.7362,64,42,11,1.9,2.3,2.1,64.3,24.91,95,0.95
2026-07-20 12:57:54,Itanagar,Arunachal Pradesh,27.0844,93.6053,62,46,34,2.8,4.2,2.1,62.3,25.11,98,0.98
2026-07-20 12:57:54,Dispur,Assam,26.1433,91.7898,64,42,11,1.9,2.3,2.1,64.3,25.9,96,0.81
2026-07-20 12:57:54,Raipur,Chhattisgarh,21.2514,81.6296,113,113,90,3,3.4,0.5,16.8,30.19,68,3.48
2026-07-20 12:57:54,Panaji,Goa,15.4909,73.8278,65,65,60,6.4,9.2,3.5,4,27.35,84,6.67
2026-07-20 12:57:54,Gandhinagar,Gujarat,23.2156,72.6369,65,65,60,6.4,9.2,3.5,4,33.3,49,4.77
2026-07-20 12:57:54,Shimla,Himachal Pradesh,31.1048,77.1734,124,124,76,6.1,6.5,3.8,3.8,19.75,90,0.9
2026-07-20 12:57:54,Thiruvananthapuram,Kerala,8.5241,76.9366,40,40,,,,,,26.52,77,4.83
2026-07-20 12:57:54,Imphal,Manipur,24.817,93.9368,34,34,6,4.6,1.9,3.6,21.2,20.92,97,0.52
2026-07-20 12:57:54,Shillong,Meghalaya,25.5788,91.8933,64,42,11,1.9,2.3,2.1,64.3,18.99,98,1.63
2026-07-20 12:57:54,Aizawl,Mizoram,23.7271,92.7176,17,13,17,0.6,0.5,5.8,2.3,18.69,99,0.94
2026-07-20 12:57:54,Kohima,Nagaland,25.6751,94.1086,34,34,6,4.6,1.9,3.6,21.2,18.38,98,0.91
2026-07-20 12:57:54,Gangtok,Sikkim,27.3389,88.6065,69,69,48,0.7,2.5,0.4,4.3,21.92,94,0.63
2026-07-20 12:57:54,Agartala,Tripura,23.8315,91.2868,114,114,68,3.5,6.3,2.9,5.8,25.26,93,2.97
2026-07-20 12:57:54,Dehradun,Uttarakhand,30.3165,78.0322,122,122,78,4.6,13.9,3.2,2.4,24.17,97,0.69
2026-07-20 12:57:54,Port Blair,Andaman and Nicobar Islands,11.6234,92.7265,34,34,,,2.9,1.1,,28.27,79,6.35
2026-07-20 12:57:54,Daman,Dadra and Nagar Haveli and Daman and Diu,20.3974,72.8328,65,65,60,6.4,9.2,3.5,4,27.58,85,8.08
2026-07-20 12:57:54,Srinagar,Jammu and Kashmir,34.0837,74.7973,107,107,74,3.7,2.3,3.6,57.1,25.59,68,1.5
2026-07-20 12:57:54,Leh,Ladakh,34.1526,77.5771,58,30,27,1,2.8,3.1,58.4,25.58,21,2.47
2026-07-20 12:57:54,Kavaratti,Lakshadweep,10.5669,72.642,65,65,60,6.4,9.2,3.5,4,28.3,77,6.62
2026-07-20 12:57:54,Puducherry,Puducherry,11.9416,79.8083,44,44,30,3.4,4.6,3.9,17.7,31.85,74,7.48
2026-07-20 14:41:03,Delhi,Delhi,28.6139,77.209,64,13,64,26.5,16.6,8.8,2.1,29.1,67,1.59
2026-07-20 14:41:03,Mumbai,Maharashtra,19.076,72.8777,72,72,68,5.7,8.7,2.1,4.3,27.95,81,9.24
2026-07-20 14:41:03,Bangalore,Karnataka,12.9716,77.5946,48,37,48,4.8,6.9,2.8,4.3,24.72,72,0.45
2026-07-20 14:41:03,Kolkata,West Bengal,22.5726,88.3639,172,172,,,,,,27.83,84,3.23
2026-07-20 14:41:03,Chennai,Tamil Nadu,13.0827,80.2707,46,46,,,,,,30.33,74,2.24
2026-07-20 14:41:03,Hyderabad,Telangana,17.385,78.4867,93,93,,,,,,26.02,74,5.44
2026-07-20 14:41:03,Pune,Maharashtra,18.5204,73.8567,72,72,68,5.7,8.7,2.1,4.3,24.63,78,4.23
2026-07-20 14:41:03,Lucknow,Uttar Pradesh,26.8467,80.9462,128,128,91,10.8,3,3.4,28.4,27.41,82,1.42
2026-07-20 14:41:03,Patna,Bihar,25.5941,85.1376,21,107,,1,0.5,0.6,20.9,28.77,80,5.2
2026-07-20 14:41:03,Ahmedabad,Gujarat,23.0225,72.5714,72,72,68,5.7,8.7,2.1,4.3,30.72,62,4.11
2026-07-20 14:41:03,Jaipur,Rajasthan,26.9124,75.7873,72,72,68,5.7,8.7,2.1,4.3,26.85,76,4.17
2026-07-20 14:41:03,Chandigarh,Chandigarh,30.7333,76.7794,95,95,72,5.2,6.2,3.6,2.7,26.92,79,5.56
2026-07-20 14:41:03,Bhopal,Madhya Pradesh,23.2599,77.4126,48,37,48,4.8,6.9,2.8,4.3,27.35,74,2.5
2026-07-20 14:41:03,Kanpur,Uttar Pradesh,26.4499,80.3319,150,150,86,6.3,9.9,0.4,5.4,28.75,76,0.67
2026-07-20 14:41:03,Guwahati,Assam,26.1445,91.7362,62,25,9,1.9,2.8,2.1,62.3,24.48,95,1
2026-07-20 14:41:03,Itanagar,Arunachal Pradesh,27.0844,93.6053,65,13,8,2.8,4.6,2.1,64.9,24.9,98,0.81
2026-07-20 14:41:03,Dispur,Assam,26.1433,91.7898,62,25,9,1.9,2.8,2.1,62.3,25.42,96,0.84
2026-07-20 14:41:03,Raipur,Chhattisgarh,21.2514,81.6296,113,113,90,3,3.4,0.5,16.8,28.06,78,3.77
2026-07-20 14:41:03,Panaji,Goa,15.4909,73.8278,72,72,68,5.7,8.7,2.1,4.3,27.02,84,4.84
2026-07-20 14:41:03,Gandhinagar,Gujarat,23.2156,72.6369,72,72,68,5.7,8.7,2.1,4.3,30.59,61,4.73
2026-07-20 14:41:03,Shimla,Himachal Pradesh,31.1048,77.1734,95,95,72,5.2,6.2,3.6,2.7,18.5,93,1.08
2026-07-20 14:41:03,Thiruvananthapuram,Kerala,8.5241,76.9366,56,56,,,,,,25.74,81,4.19
2026-07-20 14:41:03,Imphal,Manipur,24.817,93.9368,46,46,6,4.6,3.2,3.1,15.5,20.59,97,0.53
2026-07-20 14:41:03,Shillong,Meghalaya,25.5788,91.8933,62,25,9,1.9,2.8,2.1,62.3,18.75,99,1.51
2026-07-20 14:41:03,Aizawl,Mizoram,23.7271,92.7176,17,13,17,0.6,0.5,5.8,2.3,18.49,99,0.56
2026-07-20 14:41:03,Kohima,Nagaland,25.6751,94.1086,46,46,6,4.6,3.2,3.1,15.5,17.35,98,1.86
2026-07-20 14:41:03,Gangtok,Sikkim,27.3389,88.6065,69,69,48,0.7,2.5,0.4,4.3,20.98,98,0.41
2026-07-20 14:41:03,Agartala,Tripura,23.8315,91.2868,114,114,68,3.5,6.3,2.9,5.8,24.58,95,2.06
2026-07-20 14:41:03,Dehradun,Uttarakhand,30.3165,78.0322,97,97,65,4.6,14,3.5,1.7,23.85,96,1.4
2026-07-20 14:41:03,Port Blair,Andaman and Nicobar Islands,11.6234,92.7265,34,34,,,2.9,1.1,,28.29,78,6.68
2026-07-20 14:41:03,Daman,Dadra and Nagar Haveli and Daman and Diu,20.3974,72.8328,72,72,68,5.7,8.7,2.1,4.3,27.09,86,8.3
2026-07-20 14:41:03,Srinagar,Jammu and Kashmir,34.0837,74.7973,117,117,76,4.6,5.1,3.6,51.9,24.47,76,1.23
2026-07-20 14:41:03,Leh,Ladakh,34.1526,77.5771,60,42,24,1,0.5,3.1,60.4,24.27,23,1.69
2026-07-20 14:41:03,Kavaratti,Lakshadweep,10.5669,72.642,72,72,68,5.7,8.7,2.1,4.3,28.5,77,6.48
2026-07-20 14:41:03,Puducherry,Puducherry,11.9416,79.8083,44,44,30,3.4,4.6,3.9,17.7,30.18,68,1.62
2026-07-20 16:38:04,Delhi,Delhi,28.6139,77.209,71,64,71,28.7,19.5,8.8,1.2,29.42,70,2.64
2026-07-20 16:38:04,Mumbai,Maharashtra,19.076,72.8777,109,109,50,7.3,7.3,3.2,4.1,27.87,80,9.53
2026-07-20 16:38:04,Bangalore,Karnataka,12.9716,77.5946,66,66,50,4.8,8.6,3.1,4,23.61,75,0.89
2026-07-20 16:38:04,Kolkata,West Bengal,22.5726,88.3639,172,172,,,,,,27.81,85,3.74
2026-07-20 16:38:04,Chennai,Tamil Nadu,13.0827,80.2707,46,46,,,,,,27.29,88,1.34
2026-07-20 16:38:04,Hyderabad,Telangana,17.385,78.4867,93,93,,,,,,25.51,76,6.53
2026-07-20 16:38:04,Pune,Maharashtra,18.5204,73.8567,109,109,50,7.3,7.3,3.2,4.1,24.63,80,3.76
2026-07-20 16:38:04,Lucknow,Uttar Pradesh,26.8467,80.9462,128,128,91,10.8,3,3.4,28.4,28.26,79,2.06
2026-07-20 16:38:04,Patna,Bihar,25.5941,85.1376,21,107,,1,0.5,0.6,20.9,28.47,81,5.37
2026-07-20 16:38:04,Ahmedabad,Gujarat,23.0225,72.5714,109,109,50,7.3,7.3,3.2,4.1,31.13,60,2.53
2026-07-20 16:38:04,Jaipur,Rajasthan,26.9124,75.7873,109,109,50,7.3,7.3,3.2,4.1,26.34,79,4.86
2026-07-20 16:38:04,Chandigarh,Chandigarh,30.7333,76.7794,114,114,87,5.5,8.8,3.8,4.2,26.61,81,6.28
2026-07-20 16:38:04,Bhopal,Madhya Pradesh,23.2599,77.4126,66,66,50,4.8,8.6,3.1,4,24.85,91,3.56
2026-07-20 16:38:04,Kanpur,Uttar Pradesh,26.4499,80.3319,150,150,86,6.3,9.9,0.4,5.4,26.59,91,1.19
2026-07-20 16:38:04,Guwahati,Assam,26.1445,91.7362,50,25,8,1.9,5.5,2.1,50,23.94,96,1.16
2026-07-20 16:38:04,Itanagar,Arunachal Pradesh,27.0844,93.6053,46,30,10,2.8,7.4,2.6,46.3,24.52,97,0.82
2026-07-20 16:38:04,Dispur,Assam,26.1433,91.7898,50,25,8,1.9,5.5,2.1,50,24.95,96,1.05
2026-07-20 16:38:04,Raipur,Chhattisgarh,21.2514,81.6296,113,113,90,3,3.4,0.5,16.8,27.48,81,2.87
2026-07-20 16:38:04,Panaji,Goa,15.4909,73.8278,109,109,50,7.3,7.3,3.2,4.1,26.36,86,3.9
2026-07-20 16:38:04,Gandhinagar,Gujarat,23.2156,72.6369,109,109,50,7.3,7.3,3.2,4.1,30.34,64,3.9
2026-07-20 16:38:04,Shimla,Himachal Pradesh,31.1048,77.1734,114,114,87,5.5,8.8,3.8,4.2,18,97,1.06
2026-07-20 16:38:04,Thiruvananthapuram,Kerala,8.5241,76.9366,26,26,,,,,,25.37,84,3.54
2026-07-20 16:38:04,Imphal,Manipur,24.817,93.9368,13,13,6,4.6,2.8,4.1,10.6,20.46,97,0.86
2026-07-20 16:38:04,Shillong,Meghalaya,25.5788,91.8933,50,25,8,1.9,5.5,2.1,50,18.78,99,1.37
2026-07-20 16:38:04,Aizawl,Mizoram,23.7271,92.7176,13,13,6,4.6,2.8,4.1,10.6,18.46,98,0.58
2026-07-20 16:38:04,Kohima,Nagaland,25.6751,94.1086,13,13,6,4.6,2.8,4.1,10.6,16.83,98,1.9
2026-07-20 16:38:04,Gangtok,Sikkim,27.3389,88.6065,69,69,48,0.7,2.5,0.4,4.3,20.72,98,0.53
2026-07-20 16:38:04,Agartala,Tripura,23.8315,91.2868,114,114,68,3.5,6.3,2.9,5.8,24.3,95,2.19
2026-07-20 16:38:04,Dehradun,Uttarakhand,30.3165,78.0322,98,98,67,6.4,17,3.4,2.7,23.76,97,1.73
2026-07-20 16:38:04,Port Blair,Andaman and Nicobar Islands,11.6234,92.7265,34,34,,,2.9,1.1,,27.96,79,6.52
2026-07-20 16:38:04,Daman,Dadra and Nagar Haveli and Daman and Diu,20.3974,72.8328,109,109,50,7.3,7.3,3.2,4.1,26.76,86,8.03
2026-07-20 16:38:04,Srinagar,Jammu and Kashmir,34.0837,74.7973,161,161,126,8.2,24.7,3.6,21.2,23.92,81,0.64
2026-07-20 16:38:04,Leh,Ladakh,34.1526,77.5771,59,13,8,1.9,1,3.1,59.1,22.73,31,1.29
2026-07-20 16:38:04,Kavaratti,Lakshadweep,10.5669,72.642,109,109,50,7.3,7.3,3.2,4.1,28.39,77,5.76
2026-07-20 16:38:04,Puducherry,Puducherry,11.9416,79.8083,44,44,30,3.4,4.6,3.9,17.7,29.62,67,6.14
2026-07-20 18:58:49,Delhi,Delhi,28.6139,77.209,88,88,85,27.5,17.5,9.3,2.5,29.26,71,1.62
2026-07-20 18:58:49,Mumbai,Maharashtra,19.076,72.8777,87,87,22,6.8,10.9,3.2,4.4,27.95,81,10.14
2026-07-20 18:58:49,Bangalore,Karnataka,12.9716,77.5946,91,91,73,4,7.3,2.5,4.3,22.5,79,5.25
2026-07-20 18:58:49,Kolkata,West Bengal,22.5726,88.3639,172,172,,,,,,26.91,89,2.76
2026-07-20 18:58:49,Chennai,Tamil Nadu,13.0827,80.2707,46,46,,,,,,27.87,84,0.89
2026-07-20 18:58:49,Hyderabad,Telangana,17.385,78.4867,93,93,,,,,,24.59,83,6.3
2026-07-20 18:58:49,Pune,Maharashtra,18.5204,73.8567,87,87,22,6.8,10.9,3.2,4.4,24.63,77,4.87
2026-07-20 18:58:49,Lucknow,Uttar Pradesh,26.8467,80.9462,128,128,91,10.8,3,3.4,28.4,28.37,76,0.21
2026-07-20 18:58:49,Patna,Bihar,25.5941,85.1376,21,107,,1,0.5,0.6,20.9,27.66,83,4.9
2026-07-20 18:58:49,Ahmedabad,Gujarat,23.0225,72.5714,87,87,22,6.8,10.9,3.2,4.4,30.31,64,4.67
2026-07-20 18:58:49,Jaipur,Rajasthan,26.9124,75.7873,87,87,22,6.8,10.9,3.2,4.4,26.63,77,4.21
2026-07-20 18:58:49,Chandigarh,Chandigarh,30.7333,76.7794,144,144,86,3.9,5.9,4.2,2.8,26.87,81,4.79
2026-07-20 18:58:49,Bhopal,Madhya Pradesh,23.2599,77.4126,91,91,73,4,7.3,2.5,4.3,23.81,99,3.1
2026-07-20 18:58:49,Kanpur,Uttar Pradesh,26.4499,80.3319,150,150,86,6.3,9.9,0.4,5.4,27.79,78,1.33
2026-07-20 18:58:49,Guwahati,Assam,26.1445,91.7362,44,30,9,1.9,6.4,2.1,44.3,23.5,96,0.82
2026-07-20 18:58:49,Itanagar,Arunachal Pradesh,27.0844,93.6053,44,30,10,2.8,8.3,2.6,43.5,23.99,96,1.32
2026-07-20 18:58:49,Dispur,Assam,26.1433,91.7898,44,30,9,1.9,6.4,2.1,44.3,24.51,96,0.73
2026-07-20 18:58:49,Raipur,Chhattisgarh,21.2514,81.6296,113,113,90,3,3.4,0.5,16.8,26.35,86,2.24
2026-07-20 18:58:49,Panaji,Goa,15.4909,73.8278,87,87,22,6.8,10.9,3.2,4.4,26.18,87,4.33
2026-07-20 18:58:49,Gandhinagar,Gujarat,23.2156,72.6369,87,87,22,6.8,10.9,3.2,4.4,29.26,71,4.64
2026-07-20 18:58:49,Shimla,Himachal Pradesh,31.1048,77.1734,144,144,86,3.9,5.9,4.2,2.8,16.93,92,1.45
2026-07-20 18:58:49,Thiruvananthapuram,Kerala,8.5241,76.9366,26,26,,,,,,25.01,86,2.35
2026-07-20 18:58:49,Imphal,Manipur,24.817,93.9368,13,13,6,4.6,2.3,4.1,10.2,20.58,97,0.66
2026-07-20 18:58:49,Shillong,Meghalaya,25.5788,91.8933,44,30,9,1.9,6.4,2.1,44.3,18.68,98,1.25
2026-07-20 18:58:49,Aizawl,Mizoram,23.7271,92.7176,13,13,6,4.6,2.3,4.1,10.2,18.45,99,0.63
2026-07-20 18:58:49,Kohima,Nagaland,25.6751,94.1086,13,13,6,4.6,2.3,4.1,10.2,16.85,97,1.63
2026-07-20 18:58:49,Gangtok,Sikkim,27.3389,88.6065,69,69,48,0.7,2.5,0.4,4.3,20.56,99,0.59
2026-07-20 18:58:49,Agartala,Tripura,23.8315,91.2868,114,114,68,3.5,6.3,2.9,5.8,24.47,96,2.09
2026-07-20 18:58:49,Dehradun,Uttarakhand,30.3165,78.0322,137,137,74,5.8,16.2,3.1,2.2,23.74,97,1.19
2026-07-20 18:58:49,Port Blair,Andaman and Nicobar Islands,11.6234,92.7265,26,26,,,,,,27.96,80,6.52
2026-07-20 18:58:49,Daman,Dadra and Nagar Haveli and Daman and Diu,20.3974,72.8328,87,87,22,6.8,10.9,3.2,4.4,26.94,87,8.87
2026-07-20 18:58:49,Srinagar,Jammu and Kashmir,34.0837,74.7973,161,161,124,7.3,20.2,3.6,21.2,23.36,79,1.36
2026-07-20 18:58:49,Leh,Ladakh,34.1526,77.5771,60,13,7,1,0.5,3.1,60.4,20.92,41,1.59
2026-07-20 18:58:49,Kavaratti,Lakshadweep,10.5669,72.642,87,87,22,6.8,10.9,3.2,4.4,28.27,77,5.76
2026-07-20 18:58:49,Puducherry,Puducherry,11.9416,79.8083,44,44,30,3.4,4.6,3.9,17.7,29.07,71,6.14
2026-07-20 20:37:08,Delhi,Delhi,28.6139,77.209,78,78,72,53.6,17.4,7.3,3,28.98,73,2.46
2026-07-20 20:37:08,Mumbai,Maharashtra,19.076,72.8777,74,74,37,9.1,11.5,3.2,4.4,27.81,80,9.94
2026-07-20 20:37:08,Bangalore,Karnataka,12.9716,77.5946,65,65,51,3.7,7,2.7,3.5,21.42,82,4.79
2026-07-20 20:37:08,Kolkata,West Bengal,22.5726,88.3639,172,172,,,,,,26.67,90,1.76
2026-07-20 20:37:08,Chennai,Tamil Nadu,13.0827,80.2707,46,46,,,,,,27.31,84,0.89
2026-07-20 20:37:08,Hyderabad,Telangana,17.385,78.4867,93,93,,,,,,24.03,86,6.63
2026-07-20 20:37:08,Pune,Maharashtra,18.5204,73.8567,74,74,37,9.1,11.5,3.2,4.4,24.63,73,4.38
2026-07-20 20:37:08,Lucknow,Uttar Pradesh,26.8467,80.9462,128,128,91,10.8,3,3.4,28.4,28.01,77,1.17
2026-07-20 20:37:08,Patna,Bihar,25.5941,85.1376,21,107,,1,0.5,0.6,20.9,27.47,84,5.05
2026-07-20 20:37:08,Ahmedabad,Gujarat,23.0225,72.5714,74,74,37,9.1,11.5,3.2,4.4,29.68,65,5.14
2026-07-20 20:37:08,Jaipur,Rajasthan,26.9124,75.7873,74,74,37,9.1,11.5,3.2,4.4,25.88,81,3.63
2026-07-20 20:37:08,Chandigarh,Chandigarh,30.7333,76.7794,89,89,54,2.8,3.8,5.2,5,26.59,82,4.59
2026-07-20 20:37:08,Bhopal,Madhya Pradesh,23.2599,77.4126,65,65,51,3.7,7,2.7,3.5,23.72,96,1.32
2026-07-20 20:37:08,Kanpur,Uttar Pradesh,26.4499,80.3319,150,150,86,6.3,9.9,0.4,5.4,27.59,78,1.67
2026-07-20 20:37:08,Guwahati,Assam,26.1445,91.7362,50,13,8,1.9,3.2,2.6,50,23.21,96,0.9
2026-07-20 20:37:08,Itanagar,Arunachal Pradesh,27.0844,93.6053,43,25,10,1.9,5.5,2.6,42.7,23.61,97,1.29
2026-07-20 20:37:08,Dispur,Assam,26.1433,91.7898,50,13,8,1.9,3.2,2.6,50,24.23,97,0.83
2026-07-20 20:37:08,Raipur,Chhattisgarh,21.2514,81.6296,113,113,90,3,3.4,0.5,16.8,26.02,87,1.68
2026-07-20 20:37:08,Panaji,Goa,15.4909,73.8278,74,74,37,9.1,11.5,3.2,4.4,26.38,86,5.79
2026-07-20 20:37:08,Gandhinagar,Gujarat,23.2156,72.6369,74,74,37,9.1,11.5,3.2,4.4,29.08,70,4.44
2026-07-20 20:37:08,Shimla,Himachal Pradesh,31.1048,77.1734,89,89,54,2.8,3.8,5.2,5,17.86,95,1.76
2026-07-20 20:37:08,Thiruvananthapuram,Kerala,8.5241,76.9366,48,48,,,,,,24.41,89,2.52
2026-07-20 20:37:08,Imphal,Manipur,24.817,93.9368,13,13,6,4.6,1.9,4.1,9.8,20.36,98,0.67
2026-07-20 20:37:08,Shillong,Meghalaya,25.5788,91.8933,50,13,8,1.9,3.2,2.6,50,18.62,98,0.91
2026-07-20 20:37:08,Aizawl,Mizoram,23.7271,92.7176,13,13,6,4.6,1.9,4.1,9.8,18.29,99,0.71
2026-07-20 20:37:08,Kohima,Nagaland,25.6751,94.1086,13,13,6,4.6,1.9,4.1,9.8,16.62,97,1.54
2026-07-20 20:37:08,Gangtok,Sikkim,27.3389,88.6065,69,69,48,0.7,2.5,0.4,4.3,20.67,99,0.57
2026-07-20 20:37:08,Agartala,Tripura,23.8315,91.2868,114,114,68,3.5,6.3,2.9,5.8,24.21,96,2.41
2026-07-20 20:37:08,Dehradun,Uttarakhand,30.3165,78.0322,99,99,53,4.3,14.3,3.5,2.3,23.72,95,1.14
2026-07-20 20:37:08,Port Blair,Andaman and Nicobar Islands,11.6234,92.7265,48,48,,,,,,27.9,81,6.41
2026-07-20 20:37:08,Daman,Dadra and Nagar Haveli and Daman and Diu,20.3974,72.8328,74,74,37,9.1,11.5,3.2,4.4,26.8,87,8.78
2026-07-20 20:37:08,Srinagar,Jammu and Kashmir,34.0837,74.7973,157,157,105,8.2,23.8,4.6,13,21.7,86,0.45
2026-07-20 20:37:08,Leh,Ladakh,34.1526,77.5771,57,13,10,1,0.5,2.6,57.1,19.64,47,2
2026-07-20 20:37:08,Kavaratti,Lakshadweep,10.5669,72.642,74,74,37,9.1,11.5,3.2,4.4,28.15,77,5.23
2026-07-20 20:37:08,Puducherry,Puducherry,11.9416,79.8083,44,44,30,3.4,4.6,3.9,17.7,28.51,73,5.79
2026-07-20 22:07:00,Delhi,Delhi,28.6139,77.209,132,132,67,43.9,17.1,11.1,0.7,28.63,75,3.06
2026-07-20 22:07:00,Mumbai,Maharashtra,19.076,72.8777,129,129,54,8.2,12.7,2.8,3.7,27.82,80,9.71
2026-07-20 22:07:00,Bangalore,Karnataka,12.9716,77.5946,49,31,49,3.7,6.2,2.8,3.4,20.86,85,4.74
2026-07-20 22:07:00,Kolkata,West Bengal,22.5726,88.3639,172,172,,,,,,26.55,90,2.02
2026-07-20 22:07:00,Chennai,Tamil Nadu,13.0827,80.2707,46,46,,,,,,27.79,84,0.45
2026-07-20 22:07:00,Hyderabad,Telangana,17.385,78.4867,93,93,,,,,,24,86,6.44
2026-07-20 22:07:00,Pune,Maharashtra,18.5204,73.8567,129,129,54,8.2,12.7,2.8,3.7,24.67,78,5.58
2026-07-20 22:07:00,Lucknow,Uttar Pradesh,26.8467,80.9462,128,128,91,10.8,3,3.4,28.4,27.73,79,1.55
2026-07-20 22:07:00,Patna,Bihar,25.5941,85.1376,21,107,,1,0.5,0.6,20.9,27.12,85,4.95
2026-07-20 22:07:00,Ahmedabad,Gujarat,23.0225,72.5714,129,129,54,8.2,12.7,2.8,3.7,29.11,68,4.87
2026-07-20 22:07:00,Jaipur,Rajasthan,26.9124,75.7873,129,129,54,8.2,12.7,2.8,3.7,25.4,85,4.29
2026-07-20 22:07:00,Chandigarh,Chandigarh,30.7333,76.7794,28,9,28,3,5.9,5.6,3.1,26.36,83,5.41
2026-07-20 22:07:00,Bhopal,Madhya Pradesh,23.2599,77.4126,49,31,49,3.7,6.2,2.8,3.4,23.9,96,3.23
2026-07-20 22:07:00,Kanpur,Uttar Pradesh,26.4499,80.3319,150,150,86,6.3,9.9,0.4,5.4,27.28,79,2.1
2026-07-20 22:07:00,Guwahati,Assam,26.1445,91.7362,53,13,6,1.9,2.3,2.1,52.6,23.04,96,0.9
2026-07-20 22:07:00,Itanagar,Arunachal Pradesh,27.0844,93.6053,39,13,10,1.9,6,3.6,39.4,23.41,97,1.44
2026-07-20 22:07:00,Dispur,Assam,26.1433,91.7898,53,13,6,1.9,2.3,2.1,52.6,24.07,97,0.87
2026-07-20 22:07:00,Raipur,Chhattisgarh,21.2514,81.6296,113,113,90,3,3.4,0.5,16.8,25.17,93,1.53
2026-07-20 22:07:00,Panaji,Goa,15.4909,73.8278,129,129,54,8.2,12.7,2.8,3.7,26.34,86,6.05
2026-07-20 22:07:00,Gandhinagar,Gujarat,23.2156,72.6369,129,129,54,8.2,12.7,2.8,3.7,29.03,68,4.83
2026-07-20 22:07:00,Shimla,Himachal Pradesh,31.1048,77.1734,28,9,28,3,5.9,5.6,3.1,17.66,96,1.47
2026-07-20 22:07:00,Thiruvananthapuram,Kerala,8.5241,76.9366,41,41,,,,,,24.21,90,2.36
2026-07-20 22:07:00,Imphal,Manipur,24.817,93.9368,13,13,6,4.6,1.9,4.1,9.8,20.13,98,0.62
2026-07-20 22:07:00,Shillong,Meghalaya,25.5788,91.8933,53,13,6,1.9,2.3,2.1,52.6,18.52,98,0.86
2026-07-20 22:07:00,Aizawl,Mizoram,23.7271,92.7176,13,13,6,4.6,1.9,4.1,9.8,18.28,99,0.64
2026-07-20 22:07:00,Kohima,Nagaland,25.6751,94.1086,13,13,6,4.6,1.9,4.1,9.8,16.47,97,1.74
2026-07-20 22:07:00,Gangtok,Sikkim,27.3389,88.6065,69,69,48,0.7,2.5,0.4,4.3,20.31,99,0.2
2026-07-20 22:07:00,Agartala,Tripura,23.8315,91.2868,114,114,68,3.5,6.3,2.9,5.8,24.15,96,2.5
2026-07-20 22:07:00,Dehradun,Uttarakhand,30.3165,78.0322,68,68,42,3.7,16.5,3.8,1.8,23.74,95,0.78
2026-07-20 22:07:00,Port Blair,Andaman and Nicobar Islands,11.6234,92.7265,41,41,,,,,,27.99,80,6.49
2026-07-20 22:07:00,Daman,Dadra and Nagar Haveli and Daman and Diu,20.3974,72.8328,129,129,54,8.2,12.7,2.8,3.7,26.78,87,8.95
2026-07-20 22:07:00,Srinagar,Jammu and Kashmir,34.0837,74.7973,159,159,111,8.2,25.2,3.6,8.6,20.59,90,0.91
2026-07-20 22:07:00,Leh,Ladakh,34.1526,77.5771,60,13,9,1,0.5,2.6,59.7,18.47,54,3.31
2026-07-20 22:07:00,Kavaratti,Lakshadweep,10.5669,72.642,129,129,54,8.2,12.7,2.8,3.7,28.13,78,5.27
2026-07-20 22:07:00,Puducherry,Puducherry,11.9416,79.8083,44,44,30,3.4,4.6,3.9,17.7,27.96,75,5.04
2026-07-20 23:33:10,Delhi,Delhi,28.6139,77.209,54,38,54,39.8,17.5,5.4,1.6,28.16,77,2.6
2026-07-20 23:33:10,Mumbai,Maharashtra,19.076,72.8777,74,74,23,8.6,10.5,2.7,3.4,27.92,79,9.5
2026-07-20 23:33:10,Bangalore,Karnataka,12.9716,77.5946,48,48,40,3.7,5.9,1.7,4.3,20.83,88,4.95
2026-07-20 23:33:10,Kolkata,West Bengal,22.5726,88.3639,172,172,,,,,,26.25,91,2.88
2026-07-20 23:33:10,Chennai,Tamil Nadu,13.0827,80.2707,46,46,,,,,,27.71,85,3.86
2026-07-20 23:33:10,Hyderabad,Telangana,17.385,78.4867,93,93,,,,,,23.83,85,6.79
2026-07-20 23:33:10,Pune,Maharashtra,18.5204,73.8567,74,74,23,8.6,10.5,2.7,3.4,24.63,71,4.77
2026-07-20 23:33:10,Lucknow,Uttar Pradesh,26.8467,80.9462,128,128,91,10.8,3,3.4,28.4,27.07,82,1.59
2026-07-20 23:33:10,Patna,Bihar,25.5941,85.1376,21,107,,1,0.5,0.6,20.9,26.9,85,5.17
2026-07-20 23:33:10,Ahmedabad,Gujarat,23.0225,72.5714,74,74,23,8.6,10.5,2.7,3.4,28.33,72,4.44
2026-07-20 23:33:10,Jaipur,Rajasthan,26.9124,75.7873,74,74,23,8.6,10.5,2.7,3.4,25.5,85,4.4
2026-07-20 23:33:10,Chandigarh,Chandigarh,30.7333,76.7794,59,59,44,3.7,6.2,6,3.3,25.83,87,5.11
2026-07-20 23:33:10,Bhopal,Madhya Pradesh,23.2599,77.4126,48,48,40,3.7,5.9,1.7,4.3,23.5,97,3.95
2026-07-20 23:33:10,Kanpur,Uttar Pradesh,26.4499,80.3319,150,150,86,6.3,9.9,0.4,5.4,26.93,81,1.75
2026-07-20 23:33:10,Guwahati,Assam,26.1445,91.7362,49,25,6,1.9,2.3,2.1,49.2,23.52,96,0.97
2026-07-20 23:33:10,Itanagar,Arunachal Pradesh,27.0844,93.6053,39,13,11,1.9,4.6,3.6,39,24.02,95,1.33
2026-07-20 23:33:10,Dispur,Assam,26.1433,91.7898,49,25,6,1.9,2.3,2.1,49.2,24.56,96,0.92
2026-07-20 23:33:10,Raipur,Chhattisgarh,21.2514,81.6296,113,113,90,3,3.4,0.5,16.8,25.22,92,3.23
2026-07-20 23:33:10,Panaji,Goa,15.4909,73.8278,74,74,23,8.6,10.5,2.7,3.4,26.37,85,5.78
2026-07-20 23:33:10,Gandhinagar,Gujarat,23.2156,72.6369,74,74,23,8.6,10.5,2.7,3.4,28.18,72,4.69
2026-07-20 23:33:10,Shimla,Himachal Pradesh,31.1048,77.1734,59,59,44,3.7,6.2,6,3.3,17.36,95,1.52
2026-07-20 23:33:10,Thiruvananthapuram,Kerala,8.5241,76.9366,41,41,,,,,,23.7,92,2.03
2026-07-20 23:33:10,Imphal,Manipur,24.817,93.9368,13,13,6,4.6,1.9,5.1,9.4,20.65,97,0.54
2026-07-20 23:33:10,Shillong,Meghalaya,25.5788,91.8933,49,25,6,1.9,2.3,2.1,49.2,18.69,98,0.84
2026-07-20 23:33:10,Aizawl,Mizoram,23.7271,92.7176,13,13,6,4.6,1.9,5.1,9.4,18.32,99,0.51
2026-07-20 23:33:10,Kohima,Nagaland,25.6751,94.1086,13,13,6,4.6,1.9,5.1,9.4,17.42,96,1.55
2026-07-20 23:33:10,Gangtok,Sikkim,27.3389,88.6065,69,69,48,0.7,2.5,0.4,4.3,20.86,96,0.35
2026-07-20 23:33:10,Agartala,Tripura,23.8315,91.2868,114,114,68,3.5,6.3,2.9,5.8,24.25,96,2.41
2026-07-20 23:33:10,Dehradun,Uttarakhand,30.3165,78.0322,79,79,51,4.6,13.2,3.3,2.7,23.33,97,0.61
2026-07-20 23:33:10,Port Blair,Andaman and Nicobar Islands,11.6234,92.7265,41,41,,,,,,27.91,81,6.79
2026-07-20 23:33:10,Daman,Dadra and Nagar Haveli and Daman and Diu,20.3974,72.8328,74,74,23,8.6,10.5,2.7,3.4,26.95,86,8.1
2026-07-20 23:33:10,Srinagar,Jammu and Kashmir,34.0837,74.7973,158,158,110,6.4,18.3,3.1,11.4,20.59,91,0.33
2026-07-20 23:33:10,Leh,Ladakh,34.1526,77.5771,59,13,6,1,0.5,3.1,59.1,16.99,66,3.06
2026-07-20 23:33:10,Kavaratti,Lakshadweep,10.5669,72.642,74,74,23,8.6,10.5,2.7,3.4,28.25,77,6.16
2026-07-20 23:33:10,Puducherry,Puducherry,11.9416,79.8083,44,44,30,3.4,4.6,3.9,17.7,26.85,72,3.74
2026-07-21 03:29:02,Delhi,Delhi,28.6139,77.209,50,22,50,31.2,12.3,6.6,1.9,29.39,72,4.11
2026-07-21 03:29:02,Mumbai,Maharashtra,19.076,72.8777,85,85,11,9.5,11.1,3.7,8.3,28.12,79,9.28
2026-07-21 03:29:02,Bangalore,Karnataka,12.9716,77.5946,59,59,19,3.9,8.7,2,4.8,22.98,81,0.45
2026-07-21 03:29:02,Kolkata,West Bengal,22.5726,88.3639,172,172,,,,,,26.83,87,3.94
2026-07-21 03:29:02,Chennai,Tamil Nadu,13.0827,80.2707,46,46,,,,,,30.27,79,0.45
2026-07-21 03:29:02,Hyderabad,Telangana,17.385,78.4867,93,93,,,,,,24.18,81,6.45
2026-07-21 03:29:02,Pune,Maharashtra,18.5204,73.8567,85,85,11,9.5,11.1,3.7,8.3,25.22,70,5.6
2026-07-21 03:29:02,Lucknow,Uttar Pradesh,26.8467,80.9462,128,128,91,10.8,3,3.4,28.4,29.57,71,5.92
2026-07-21 03:29:02,Patna,Bihar,25.5941,85.1376,21,107,,1,0.5,0.6,20.9,27.27,80,5.4
2026-07-21 03:29:02,Ahmedabad,Gujarat,23.0225,72.5714,85,85,11,9.5,11.1,3.7,8.3,30.05,65,4.62
2026-07-21 03:29:02,Jaipur,Rajasthan,26.9124,75.7873,85,85,11,9.5,11.1,3.7,8.3,25.37,86,0.96
2026-07-21 03:29:02,Chandigarh,Chandigarh,30.7333,76.7794,50,50,46,3.9,2.6,6.4,4.3,25.64,88,3.02
2026-07-21 03:29:02,Bhopal,Madhya Pradesh,23.2599,77.4126,59,59,19,3.9,8.7,2,4.8,23.8,95,3.78
2026-07-21 03:29:02,Kanpur,Uttar Pradesh,26.4499,80.3319,150,150,86,6.3,9.9,0.4,5.4,28.31,74,1.78
2026-07-21 03:29:02,Guwahati,Assam,26.1445,91.7362,48,25,8,2.8,7.8,2.6,48,26.84,86,2.12
2026-07-21 03:29:02,Itanagar,Arunachal Pradesh,27.0844,93.6053,51,25,6,1.9,5.5,2.6,50.6,29.88,76,1.4
2026-07-21 03:29:02,Dispur,Assam,26.1433,91.7898,48,25,8,2.8,7.8,2.6,48,29.01,83,2.29
2026-07-21 03:29:02,Raipur,Chhattisgarh,21.2514,81.6296,113,113,90,3,3.4,0.5,16.8,25.63,88,4.54
2026-07-21 03:29:02,Panaji,Goa,15.4909,73.8278,85,85,11,9.5,11.1,3.7,8.3,27.46,82,5.63
2026-07-21 03:29:02,Gandhinagar,Gujarat,23.2156,72.6369,85,85,11,9.5,11.1,3.7,8.3,31.19,60,4.57
2026-07-21 03:29:02,Shimla,Himachal Pradesh,31.1048,77.1734,50,50,46,3.9,2.6,6.4,4.3,17.13,95,1.28
2026-07-21 03:29:02,Thiruvananthapuram,Kerala,8.5241,76.9366,13,13,,,,,,27.1,74,3.01
2026-07-21 03:29:02,Imphal,Manipur,24.817,93.9368,34,34,9,5.5,6,7.1,6.1,24.48,88,1.54
2026-07-21 03:29:02,Shillong,Meghalaya,25.5788,91.8933,48,25,8,2.8,7.8,2.6,48,20.42,95,1.04
2026-07-21 03:29:02,Aizawl,Mizoram,23.7271,92.7176,34,34,9,5.5,6,7.1,6.1,19.5,98,0.44
2026-07-21 03:29:02,Kohima,Nagaland,25.6751,94.1086,34,34,9,5.5,6,7.1,6.1,23.13,80,0.53
2026-07-21 03:29:02,Gangtok,Sikkim,27.3389,88.6065,69,69,48,0.7,2.5,0.4,4.3,24.89,83,2.22
2026-07-21 03:29:02,Agartala,Tripura,23.8315,91.2868,114,114,68,3.5,6.3,2.9,5.8,28.11,82,2.44
2026-07-21 03:29:02,Dehradun,Uttarakhand,30.3165,78.0322,30,30,51,3.7,18.5,3.2,2.9,24.05,93,0.74
2026-07-21 03:29:02,Port Blair,Andaman and Nicobar Islands,11.6234,92.7265,43,43,,,2.9,0.6,,29.07,77,7.76
2026-07-21 03:29:02,Daman,Dadra and Nagar Haveli and Daman and Diu,20.3974,72.8328,85,85,11,9.5,11.1,3.7,8.3,27.9,83,7.59
2026-07-21 03:29:02,Srinagar,Jammu and Kashmir,34.0837,74.7973,164,164,123,5.5,12.8,4.1,30.5,21.7,86,0.45
2026-07-21 03:29:02,Leh,Ladakh,34.1526,77.5771,56,13,10,1.9,2.8,2.6,55.8,16.26,70,2.99
2026-07-21 03:29:02,Kavaratti,Lakshadweep,10.5669,72.642,85,85,11,9.5,11.1,3.7,8.3,28.2,76,5.27
2026-07-21 03:29:02,Puducherry,Puducherry,11.9416,79.8083,44,44,30,3.4,4.6,3.9,17.7,31.94,49,5.74
2026-07-21 06:13:55,Delhi,Delhi,28.6139,77.209,58,13,58,17.2,17.4,6.8,5.6,31.78,62,5.39
2026-07-21 06:13:55,Mumbai,Maharashtra,19.076,72.8777,55,55,16,9.1,9.8,2.4,4.1,28.95,76,10.17
2026-07-21 06:13:55,Bangalore,Karnataka,12.9716,77.5946,17,5,17,4.3,5.2,1.8,5.6,26.96,70,1.34
2026-07-21 06:13:55,Kolkata,West Bengal,22.5726,88.3639,172,172,,,,,,26.94,89,3.5
2026-07-21 06:13:55,Chennai,Tamil Nadu,13.0827,80.2707,46,46,,,,,,33.46,58,0.89
2026-07-21 06:13:55,Hyderabad,Telangana,17.385,78.4867,93,93,,,,,,26.06,71,6.86
2026-07-21 06:13:55,Pune,Maharashtra,18.5204,73.8567,55,55,16,9.1,9.8,2.4,4.1,26.85,59,5.78
2026-07-21 06:13:55,Lucknow,Uttar Pradesh,26.8467,80.9462,128,128,91,10.8,3,3.4,28.4,31.31,64,6.88
2026-07-21 06:13:55,Patna,Bihar,25.5941,85.1376,21,107,,1,0.5,0.6,20.9,31.03,62,5.78
2026-07-21 06:13:55,Ahmedabad,Gujarat,23.0225,72.5714,55,55,16,9.1,9.8,2.4,4.1,32.61,53,5.07
2026-07-21 06:13:55,Jaipur,Rajasthan,26.9124,75.7873,55,55,16,9.1,9.8,2.4,4.1,25.98,82,1.13
2026-07-21 06:13:55,Chandigarh,Chandigarh,30.7333,76.7794,38,38,23,4.6,4.7,5.8,5.4,25.81,88,6.01
2026-07-21 06:13:55,Bhopal,Madhya Pradesh,23.2599,77.4126,17,5,17,4.3,5.2,1.8,5.6,24.68,90,3.71
2026-07-21 06:13:55,Kanpur,Uttar Pradesh,26.4499,80.3319,150,150,86,6.3,9.9,0.4,5.4,31.35,62,1.74
2026-07-21 06:13:55,Guwahati,Assam,26.1445,91.7362,61,25,8,1.9,3.7,2.1,61,29.23,77,0.92
2026-07-21 06:13:55,Itanagar,Arunachal Pradesh,27.0844,93.6053,64,13,6,1.9,4.2,2.1,63.6,32.15,66,1.44
2026-07-21 06:13:55,Dispur,Assam,26.1433,91.7898,61,25,8,1.9,3.7,2.1,61,30.52,76,1.01
2026-07-21 06:13:55,Raipur,Chhattisgarh,21.2514,81.6296,113,113,90,3,3.4,0.5,16.8,25.46,88,4.37
2026-07-21 06:13:55,Panaji,Goa,15.4909,73.8278,55,55,16,9.1,9.8,2.4,4.1,27.67,80,5.94
2026-07-21 06:13:55,Gandhinagar,Gujarat,23.2156,72.6369,55,55,16,9.1,9.8,2.4,4.1,33.42,50,4.85
2026-07-21 06:13:55,Shimla,Himachal Pradesh,31.1048,77.1734,38,38,23,4.6,4.7,5.8,5.4,17.45,88,0.92
2026-07-21 06:13:55,Thiruvananthapuram,Kerala,8.5241,76.9366,13,13,,,,,,29.83,61,4.75
2026-07-21 06:13:55,Imphal,Manipur,24.817,93.9368,21,13,6,4.6,2.3,5.6,20.8,25.55,85,1.9
2026-07-21 06:13:55,Shillong,Meghalaya,25.5788,91.8933,61,25,8,1.9,3.7,2.1,61,21.78,87,0.45
2026-07-21 06:13:55,Aizawl,Mizoram,23.7271,92.7176,21,13,6,4.6,2.3,5.6,20.8,21.27,90,0.95
2026-07-21 06:13:55,Kohima,Nagaland,25.6751,94.1086,21,13,6,4.6,2.3,5.6,20.8,22.99,87,0.81
2026-07-21 06:13:55,Gangtok,Sikkim,27.3389,88.6065,69,69,48,0.7,2.5,0.4,4.3,24.7,86,2.34
2026-07-21 06:13:55,Agartala,Tripura,23.8315,91.2868,114,114,68,3.5,6.3,2.9,5.8,30.13,75,3.03
2026-07-21 06:13:55,Dehradun,Uttarakhand,30.3165,78.0322,61,61,22,3.7,27.4,3.1,2.7,23.93,94,1.24
2026-07-21 06:13:55,Port Blair,Andaman and Nicobar Islands,11.6234,92.7265,38,38,,,2.4,0.6,,29.4,75,7.53
2026-07-21 06:13:55,Daman,Dadra and Nagar Haveli and Daman and Diu,20.3974,72.8328,55,55,16,9.1,9.8,2.4,4.1,28.53,81,8.24
2026-07-21 06:13:55,Srinagar,Jammu and Kashmir,34.0837,74.7973,161,161,132,2.8,3.7,3.6,49.6,23.36,82,0.89
2026-07-21 06:13:55,Leh,Ladakh,34.1526,77.5771,56,13,7,1,1.9,2.6,55.8,17.38,60,3.56
2026-07-21 06:13:55,Kavaratti,Lakshadweep,10.5669,72.642,55,55,16,9.1,9.8,2.4,4.1,28.33,76,5.2
2026-07-21 06:13:55,Puducherry,Puducherry,11.9416,79.8083,44,44,30,3.4,4.6,3.9,17.7,34.07,44,4.34
2026-07-21 09:12:27,Delhi,Delhi,28.6139,77.209,65,65,52,7.7,13.1,5.1,2.8,30.25,68,3.47
2026-07-21 09:12:27,Mumbai,Maharashtra,19.076,72.8777,82,82,18,9.1,6.5,2.3,4.1,28.73,78,10.6
2026-07-21 09:12:27,Bangalore,Karnataka,12.9716,77.5946,158,158,62,4.1,5.4,1.8,7.3,28.62,59,0.89
2026-07-21 09:12:27,Kolkata,West Bengal,22.5726,88.3639,172,172,,,,,,30.28,71,5.06
2026-07-21 09:12:27,Chennai,Tamil Nadu,13.0827,80.2707,46,46,,,,,,36.26,54,1.34
2026-07-21 09:12:27,Hyderabad,Telangana,17.385,78.4867,93,93,,,,,,26.83,70,6.8
2026-07-21 09:12:27,Pune,Maharashtra,18.5204,73.8567,82,82,18,9.1,6.5,2.3,4.1,26.39,89,6.07
2026-07-21 09:12:27,Lucknow,Uttar Pradesh,26.8467,80.9462,128,128,91,10.8,3,3.4,28.4,32.89,58,6.81
2026-07-21 09:12:27,Patna,Bihar,25.5941,85.1376,21,107,,1,0.5,0.6,20.9,34.27,48,6.22
2026-07-21 09:12:27,Ahmedabad,Gujarat,23.0225,72.5714,82,82,18,9.1,6.5,2.3,4.1,34.03,48,4.68
2026-07-21 09:12:27,Jaipur,Rajasthan,26.9124,75.7873,82,82,18,9.1,6.5,2.3,4.1,24.78,92,0.87
2026-07-21 09:12:27,Chandigarh,Chandigarh,30.7333,76.7794,34,34,28,3.2,5.8,5.7,8.2,32.56,55,7.28
2026-07-21 09:12:27,Bhopal,Madhya Pradesh,23.2599,77.4126,158,158,62,4.1,5.4,1.8,7.3,24.2,93,4.33
2026-07-21 09:12:27,Kanpur,Uttar Pradesh,26.4499,80.3319,150,150,86,6.3,9.9,0.4,5.4,32.3,61,4.36
2026-07-21 09:12:27,Guwahati,Assam,26.1445,91.7362,62,13,8,1.9,2.8,2.6,61.7,29.04,81,1.94
2026-07-21 09:12:27,Itanagar,Arunachal Pradesh,27.0844,93.6053,70,13,8,1.9,3.7,2.6,69.5,31.29,72,2.09
2026-07-21 09:12:27,Dispur,Assam,26.1433,91.7898,62,13,8,1.9,2.8,2.6,61.7,30.11,81,1.85
2026-07-21 09:12:27,Raipur,Chhattisgarh,21.2514,81.6296,113,113,90,3,3.4,0.5,16.8,24.86,91,6.13
2026-07-21 09:12:27,Panaji,Goa,15.4909,73.8278,82,82,18,9.1,6.5,2.3,4.1,27.72,81,5.75
2026-07-21 09:12:27,Gandhinagar,Gujarat,23.2156,72.6369,82,82,18,9.1,6.5,2.3,4.1,33.66,49,4.82
2026-07-21 09:12:27,Shimla,Himachal Pradesh,31.1048,77.1734,34,34,28,3.2,5.8,5.7,8.2,18.12,92,0.48
2026-07-21 09:12:27,Thiruvananthapuram,Kerala,8.5241,76.9366,158,158,62,4.1,5.4,1.8,7.3,30.1,61,6.16
2026-07-21 09:12:27,Imphal,Manipur,24.817,93.9368,34,34,6,4.6,1.9,4.1,21.2,26.99,80,1.17
2026-07-21 09:12:27,Shillong,Meghalaya,25.5788,91.8933,62,13,8,1.9,2.8,2.6,61.7,21.07,94,1.3
2026-07-21 09:12:27,Aizawl,Mizoram,23.7271,92.7176,34,34,6,4.6,1.9,4.1,21.2,23.68,90,0.85
2026-07-21 09:12:27,Kohima,Nagaland,25.6751,94.1086,34,34,6,4.6,1.9,4.1,21.2,22.81,92,0.82
2026-07-21 09:12:27,Gangtok,Sikkim,27.3389,88.6065,69,69,48,0.7,2.5,0.4,4.3,24.4,88,1.52
2026-07-21 09:12:27,Agartala,Tripura,23.8315,91.2868,114,114,68,3.5,6.3,2.9,5.8,29.57,80,3.94
2026-07-21 09:12:27,Dehradun,Uttarakhand,30.3165,78.0322,66,63,66,3.7,27.8,3.5,3.4,26.76,83,1.57
2026-07-21 09:12:27,Port Blair,Andaman and Nicobar Islands,11.6234,92.7265,45,45,,,2.9,0.6,,29.31,75,7.35
2026-07-21 09:12:27,Daman,Dadra and Nagar Haveli and Daman and Diu,20.3974,72.8328,82,82,18,9.1,6.5,2.3,4.1,28.56,81,9.08
2026-07-21 09:12:27,Srinagar,Jammu and Kashmir,34.0837,74.7973,163,163,127,2.8,1.9,2.6,55.2,22.81,84,3.71
2026-07-21 09:12:27,Leh,Ladakh,34.1526,77.5771,52,13,6,1,1,3.1,51.9,16.51,63,1.7
2026-07-21 09:12:27,Kavaratti,Lakshadweep,10.5669,72.642,82,82,18,9.1,6.5,2.3,4.1,28.37,77,5
2026-07-21 09:12:27,Puducherry,Puducherry,11.9416,79.8083,44,44,30,3.4,4.6,3.9,17.7,35.53,44,4.55
2026-07-21 11:25:19,Delhi,Delhi,28.6139,77.209,53,53,51,7.9,12.6,4.8,4.1,29.16,74,3.24
2026-07-21 11:25:19,Mumbai,Maharashtra,19.076,72.8777,65,65,3,9.4,5.8,4.1,4.1,28.44,79,10.67
2026-07-21 11:25:19,Bangalore,Karnataka,12.9716,77.5946,49,49,41,4.3,4.6,1.5,7.7,28.49,61,0.89
2026-07-21 11:25:19,Kolkata,West Bengal,22.5726,88.3639,172,172,,,,,,28.5,80,4.63
2026-07-21 11:25:19,Chennai,Tamil Nadu,13.0827,80.2707,46,46,,,,,,32.22,71,0.89
2026-07-21 11:25:19,Hyderabad,Telangana,17.385,78.4867,93,93,,,,,,26.88,67,6.07
2026-07-21 11:25:19,Pune,Maharashtra,18.5204,73.8567,65,65,3,9.4,5.8,4.1,4.1,24.63,85,7.36
2026-07-21 11:25:19,Lucknow,Uttar Pradesh,26.8467,80.9462,128,128,91,10.8,3,3.4,28.4,32.81,57,6.33
2026-07-21 11:25:19,Patna,Bihar,25.5941,85.1376,21,107,,1,0.5,0.6,20.9,33.23,52,6.1
2026-07-21 11:25:19,Ahmedabad,Gujarat,23.0225,72.5714,65,65,3,9.4,5.8,4.1,4.1,33.37,50,6.89
2026-07-21 11:25:19,Jaipur,Rajasthan,26.9124,75.7873,65,65,3,9.4,5.8,4.1,4.1,25.02,92,2.44
2026-07-21 11:25:19,Chandigarh,Chandigarh,30.7333,76.7794,46,46,29,2.2,2.5,6.1,6.3,31.07,61,3.76
2026-07-21 11:25:19,Bhopal,Madhya Pradesh,23.2599,77.4126,49,49,41,4.3,4.6,1.5,7.7,24.14,91,4.14
2026-07-21 11:25:19,Kanpur,Uttar Pradesh,26.4499,80.3319,150,150,86,6.3,9.9,0.4,5.4,31.67,64,4.67
2026-07-21 11:25:19,Guwahati,Assam,26.1445,91.7362,64,13,9,1,2.8,2.1,64.3,27.73,85,1.96
2026-07-21 11:25:19,Itanagar,Arunachal Pradesh,27.0844,93.6053,66,25,6,1.9,3.7,2.6,65.6,29.68,83,1.15
2026-07-21 11:25:19,Dispur,Assam,26.1433,91.7898,64,13,9,1,2.8,2.1,64.3,28.68,87,1.88
2026-07-21 11:25:19,Raipur,Chhattisgarh,21.2514,81.6296,113,113,90,3,3.4,0.5,16.8,24.68,91,5.91
2026-07-21 11:25:19,Panaji,Goa,15.4909,73.8278,65,65,3,9.4,5.8,4.1,4.1,27.54,82,5.5
2026-07-21 11:25:19,Gandhinagar,Gujarat,23.2156,72.6369,65,65,3,9.4,5.8,4.1,4.1,33.99,48,4.24
2026-07-21 11:25:19,Shimla,Himachal Pradesh,31.1048,77.1734,46,46,29,2.2,2.5,6.1,6.3,17.49,97,0.93
2026-07-21 11:25:19,Thiruvananthapuram,Kerala,8.5241,76.9366,49,49,41,4.3,4.6,1.5,7.7,28.88,67,5.89
2026-07-21 11:25:19,Imphal,Manipur,24.817,93.9368,22,13,6,4.6,1,3.6,22,25.55,89,0.65
2026-07-21 11:25:19,Shillong,Meghalaya,25.5788,91.8933,64,13,9,1,2.8,2.1,64.3,20.4,96,1.5
2026-07-21 11:25:19,Aizawl,Mizoram,23.7271,92.7176,22,13,6,4.6,1,3.6,22,21.12,97,1.03
2026-07-21 11:25:19,Kohima,Nagaland,25.6751,94.1086,22,13,6,4.6,1,3.6,22,22.08,95,0.74
2026-07-21 11:25:19,Gangtok,Sikkim,27.3389,88.6065,69,69,48,0.7,2.5,0.4,4.3,23.92,89,1.02
2026-07-21 11:25:19,Agartala,Tripura,23.8315,91.2868,114,114,68,3.5,6.3,2.9,5.8,27.34,89,4.48
2026-07-21 11:25:19,Dehradun,Uttarakhand,30.3165,78.0322,74,68,74,4.6,40.2,3.3,4.7,27.1,81,1.51
2026-07-21 11:25:19,Port Blair,Andaman and Nicobar Islands,11.6234,92.7265,45,45,,,2.9,0.6,,28.84,77,7.03
2026-07-21 11:25:19,Daman,Dadra and Nagar Haveli and Daman and Diu,20.3974,72.8328,65,65,3,9.4,5.8,4.1,4.1,28.06,82,9.22
2026-07-21 11:25:19,Srinagar,Jammu and Kashmir,34.0837,74.7973,157,157,119,3.7,1.9,3.1,67.5,24.57,64,3.85
2026-07-21 11:25:19,Leh,Ladakh,34.1526,77.5771,48,13,6,1,1,3.1,48.4,18.88,53,2.17
2026-07-21 11:25:19,Kavaratti,Lakshadweep,10.5669,72.642,65,65,3,9.4,5.8,4.1,4.1,28.46,76,5.22
2026-07-21 11:25:19,Puducherry,Puducherry,11.9416,79.8083,44,44,30,3.4,4.6,3.9,17.7,34.62,62,8.53
2026-07-21 12:57:32,Delhi,Delhi,28.6139,77.209,74,74,69,8.4,14.2,6,3.4,29.58,71,3.21
2026-07-21 12:57:32,Mumbai,Maharashtra,19.076,72.8777,72,72,35,9.1,6.4,3.3,12.2,28.19,80,10.53
2026-07-21 12:57:32,Bangalore,Karnataka,12.9716,77.5946,43,24,43,3.9,6.1,1.8,7.2,27.97,60,4.81
2026-07-21 12:57:32,Kolkata,West Bengal,22.5726,88.3639,172,172,,,,,,26.4,90,4.68
2026-07-21 12:57:32,Chennai,Tamil Nadu,13.0827,80.2707,46,46,,,,,,30.23,74,1.79
2026-07-21 12:57:32,Hyderabad,Telangana,17.385,78.4867,93,93,,,,,,25.02,77,4.28
2026-07-21 12:57:32,Pune,Maharashtra,18.5204,73.8567,72,72,35,9.1,6.4,3.3,12.2,24.07,84,6.02
2026-07-21 12:57:32,Lucknow,Uttar Pradesh,26.8467,80.9462,128,128,91,10.8,3,3.4,28.4,30.71,67,4.55
2026-07-21 12:57:32,Patna,Bihar,25.5941,85.1376,21,107,,1,0.5,0.6,20.9,31.69,58,5.97
2026-07-21 12:57:32,Ahmedabad,Gujarat,23.0225,72.5714,72,72,35,9.1,6.4,3.3,12.2,32.18,56,3
2026-07-21 12:57:32,Jaipur,Rajasthan,26.9124,75.7873,72,72,35,9.1,6.4,3.3,12.2,26.33,82,2.11
2026-07-21 12:57:32,Chandigarh,Chandigarh,30.7333,76.7794,87,87,51,7.3,2.7,6.2,3.8,29.52,70,4.02
2026-07-21 12:57:32,Bhopal,Madhya Pradesh,23.2599,77.4126,43,24,43,3.9,6.1,1.8,7.2,24.15,91,4.21
2026-07-21 12:57:32,Kanpur,Uttar Pradesh,26.4499,80.3319,150,150,86,6.3,9.9,0.4,5.4,29.93,73,2.67
2026-07-21 12:57:32,Guwahati,Assam,26.1445,91.7362,61,13,10,1.9,2.8,2.1,61,25.69,93,1.61
2026-07-21 12:57:32,Itanagar,Arunachal Pradesh,27.0844,93.6053,68,13,8,1.9,3.2,2.6,67.5,26.22,96,1.43
2026-07-21 12:57:32,Dispur,Assam,26.1433,91.7898,61,13,10,1.9,2.8,2.1,61,26.65,94,1.59
2026-07-21 12:57:32,Raipur,Chhattisgarh,21.2514,81.6296,113,113,90,3,3.4,0.5,16.8,24.5,91,5.39
2026-07-21 12:57:32,Panaji,Goa,15.4909,73.8278,72,72,35,9.1,6.4,3.3,12.2,26.85,85,5.27
2026-07-21 12:57:32,Gandhinagar,Gujarat,23.2156,72.6369,72,72,35,9.1,6.4,3.3,12.2,28.21,78,2.79
2026-07-21 12:57:32,Shimla,Himachal Pradesh,31.1048,77.1734,87,87,51,7.3,2.7,6.2,3.8,18.45,90,1.31
2026-07-21 12:57:32,Thiruvananthapuram,Kerala,8.5241,76.9366,43,24,43,3.9,6.1,1.8,7.2,26.47,82,4.27
2026-07-21 12:57:32,Imphal,Manipur,24.817,93.9368,57,57,6,4.6,1.4,2.6,23.6,22.52,93,0.99
2026-07-21 12:57:32,Shillong,Meghalaya,25.5788,91.8933,61,13,10,1.9,2.8,2.1,61,19.18,98,1.85
2026-07-21 12:57:32,Aizawl,Mizoram,23.7271,92.7176,57,57,6,4.6,1.4,2.6,23.6,19.8,98,1.09
2026-07-21 12:57:32,Kohima,Nagaland,25.6751,94.1086,57,57,6,4.6,1.4,2.6,23.6,18.86,99,1.47
2026-07-21 12:57:32,Gangtok,Sikkim,27.3389,88.6065,69,69,48,0.7,2.5,0.4,4.3,21.69,97,0.7
2026-07-21 12:57:32,Agartala,Tripura,23.8315,91.2868,114,114,68,3.5,6.3,2.9,5.8,25.73,94,4.29
2026-07-21 12:57:32,Dehradun,Uttarakhand,30.3165,78.0322,66,50,66,4.6,50.8,3.1,4.7,25.52,86,1.51
2026-07-21 12:57:32,Port Blair,Andaman and Nicobar Islands,11.6234,92.7265,35,35,,,2.9,0.6,,28.39,80,6.43
2026-07-21 12:57:32,Daman,Dadra and Nagar Haveli and Daman and Diu,20.3974,72.8328,72,72,35,9.1,6.4,3.3,12.2,27.54,84,9.82
2026-07-21 12:57:32,Srinagar,Jammu and Kashmir,34.0837,74.7973,152,152,116,3.7,1.9,2.6,51.9,21.14,88,0.45
2026-07-21 12:57:32,Leh,Ladakh,34.1526,77.5771,46,13,6,1.9,1,3.1,45.9,19.11,52,2.09
2026-07-21 12:57:32,Kavaratti,Lakshadweep,10.5669,72.642,72,72,35,9.1,6.4,3.3,12.2,28.37,77,5.11
2026-07-21 12:57:32,Puducherry,Puducherry,11.9416,79.8083,44,44,30,3.4,4.6,3.9,17.7,31.85,73,6.3
2026-07-21 15:12:39,Delhi,Delhi,28.6139,77.209,59,5,59,9.3,18.6,5.3,2.8,30.16,69,3.91
2026-07-21 15:12:39,Mumbai,Maharashtra,19.076,72.8777,63,63,40,9.5,6.5,1.3,3.3,27.99,80,10.58
2026-07-21 15:12:39,Bangalore,Karnataka,12.9716,77.5946,43,24,43,3.9,6.1,1.8,7.2,24.59,72,0.45
2026-07-21 15:12:39,Kolkata,West Bengal,22.5726,88.3639,172,172,,,,,,26.22,92,4.18
2026-07-21 15:12:39,Chennai,Tamil Nadu,13.0827,80.2707,46,46,,,,,,29.86,78,2.24
2026-07-21 15:12:39,Hyderabad,Telangana,17.385,78.4867,93,93,,,,,,25.23,75,5.89
2026-07-21 15:12:39,Pune,Maharashtra,18.5204,73.8567,63,63,40,9.5,6.5,1.3,3.3,24.07,85,5.73
2026-07-21 15:12:39,Lucknow,Uttar Pradesh,26.8467,80.9462,128,128,91,10.8,3,3.4,28.4,29.83,71,3.1
2026-07-21 15:12:39,Patna,Bihar,25.5941,85.1376,21,107,,1,0.5,0.6,20.9,29.74,68,5.7
2026-07-21 15:12:39,Ahmedabad,Gujarat,23.0225,72.5714,63,63,40,9.5,6.5,1.3,3.3,30.92,63,3.83
2026-07-21 15:12:39,Jaipur,Rajasthan,26.9124,75.7873,63,63,40,9.5,6.5,1.3,3.3,26.22,84,1.78
2026-07-21 15:12:39,Chandigarh,Chandigarh,30.7333,76.7794,68,68,43,7.7,10.2,5.6,7.9,28.72,73,1.79
2026-07-21 15:12:39,Bhopal,Madhya Pradesh,23.2599,77.4126,43,24,43,3.9,6.1,1.8,7.2,23.43,91,3.41
2026-07-21 15:12:39,Kanpur,Uttar Pradesh,26.4499,80.3319,150,150,86,6.3,9.9,0.4,5.4,29.1,77,2.52
2026-07-21 15:12:39,Guwahati,Assam,26.1445,91.7362,61,13,10,1.9,2.8,2.1,61,25.11,92,1.56
2026-07-21 15:12:39,Itanagar,Arunachal Pradesh,27.0844,93.6053,68,13,8,1.9,3.2,2.6,67.5,24.96,98,1.7
2026-07-21 15:12:39,Dispur,Assam,26.1433,91.7898,61,13,10,1.9,2.8,2.1,61,26.1,93,1.51
2026-07-21 15:12:39,Raipur,Chhattisgarh,21.2514,81.6296,113,113,90,3,3.4,0.5,16.8,24.25,92,5.28
2026-07-21 15:12:39,Panaji,Goa,15.4909,73.8278,63,63,40,9.5,6.5,1.3,3.3,26.61,88,4.9
2026-07-21 15:12:39,Gandhinagar,Gujarat,23.2156,72.6369,63,63,40,9.5,6.5,1.3,3.3,28.9,73,3.13
2026-07-21 15:12:39,Shimla,Himachal Pradesh,31.1048,77.1734,68,68,43,7.7,10.2,5.6,7.9,16.47,89,1.84
2026-07-21 15:12:39,Thiruvananthapuram,Kerala,8.5241,76.9366,43,24,43,3.9,6.1,1.8,7.2,25.69,87,3.28
2026-07-21 15:12:39,Imphal,Manipur,24.817,93.9368,57,57,6,4.6,1.4,2.6,23.6,21.6,96,0.27
2026-07-21 15:12:39,Shillong,Meghalaya,25.5788,91.8933,61,13,10,1.9,2.8,2.1,61,18.2,99,2.32
2026-07-21 15:12:39,Aizawl,Mizoram,23.7271,92.7176,57,57,6,4.6,1.4,2.6,23.6,19.71,100,1.17
2026-07-21 15:12:39,Kohima,Nagaland,25.6751,94.1086,57,57,6,4.6,1.4,2.6,23.6,18.3,98,1.78
2026-07-21 15:12:39,Gangtok,Sikkim,27.3389,88.6065,69,69,48,0.7,2.5,0.4,4.3,21.5,96,0.68
2026-07-21 15:12:39,Agartala,Tripura,23.8315,91.2868,114,114,68,3.5,6.3,2.9,5.8,25.38,94,4.87
2026-07-21 15:12:39,Dehradun,Uttarakhand,30.3165,78.0322,66,50,66,4.6,50.8,3.1,4.7,24.21,87,1.71
2026-07-21 15:12:39,Port Blair,Andaman and Nicobar Islands,11.6234,92.7265,35,35,,,2.9,0.6,,28.15,80,6.02
2026-07-21 15:12:39,Daman,Dadra and Nagar Haveli and Daman and Diu,20.3974,72.8328,63,63,40,9.5,6.5,1.3,3.3,27.52,85,9.53
2026-07-21 15:12:39,Srinagar,Jammu and Kashmir,34.0837,74.7973,152,152,116,3.7,1.9,2.6,51.9,20.59,90,1.6
2026-07-21 15:12:39,Leh,Ladakh,34.1526,77.5771,46,13,6,1.9,1,3.1,45.9,17.37,63,2.72
2026-07-21 15:12:39,Kavaratti,Lakshadweep,10.5669,72.642,63,63,40,9.5,6.5,1.3,3.3,28.26,77,5.49
2026-07-21 15:12:39,Puducherry,Puducherry,11.9416,79.8083,44,44,30,3.4,4.6,3.9,17.7,29.07,76,6.48
2026-07-21 16:57:03,Delhi,Delhi,28.6139,77.209,59,5,59,9.3,18.6,5.3,2.8,29.58,72,4.61
2026-07-21 16:57:03,Mumbai,Maharashtra,19.076,72.8777,63,63,40,9.5,6.5,1.3,3.3,27.95,80,10.47
2026-07-21 16:57:03,Bangalore,Karnataka,12.9716,77.5946,46,46,35,6.4,7.7,1.2,4.4,24.12,73,0.45
2026-07-21 16:57:03,Kolkata,West Bengal,22.5726,88.3639,172,172,,,,,,26.17,92,2.6
2026-07-21 16:57:03,Chennai,Tamil Nadu,13.0827,80.2707,46,46,,,,,,29.54,83,3.13
2026-07-21 16:57:03,Hyderabad,Telangana,17.385,78.4867,93,93,,,,,,24.61,75,6.9
2026-07-21 16:57:03,Pune,Maharashtra,18.5204,73.8567,63,63,40,9.5,6.5,1.3,3.3,23.52,90,6.09
2026-07-21 16:57:03,Lucknow,Uttar Pradesh,26.8467,80.9462,128,128,91,10.8,3,3.4,28.4,29.45,72,3.83
2026-07-21 16:57:03,Patna,Bihar,25.5941,85.1376,21,107,,1,0.5,0.6,20.9,28.54,76,5.59
2026-07-21 16:57:03,Ahmedabad,Gujarat,23.0225,72.5714,63,63,40,9.5,6.5,1.3,3.3,30.4,65,6.23
2026-07-21 16:57:03,Jaipur,Rajasthan,26.9124,75.7873,63,63,40,9.5,6.5,1.3,3.3,26.21,84,1.19
2026-07-21 16:57:03,Chandigarh,Chandigarh,30.7333,76.7794,68,68,43,7.7,10.2,5.6,7.9,28.68,72,2.76
2026-07-21 16:57:03,Bhopal,Madhya Pradesh,23.2599,77.4126,46,46,35,6.4,7.7,1.2,4.4,23.31,92,2.87
2026-07-21 16:57:03,Kanpur,Uttar Pradesh,26.4499,80.3319,150,150,86,6.3,9.9,0.4,5.4,29.37,75,2.48
2026-07-21 16:57:03,Guwahati,Assam,26.1445,91.7362,55,30,12,1.9,2.3,2.6,54.5,24.21,95,1.73
2026-07-21 16:57:03,Itanagar,Arunachal Pradesh,27.0844,93.6053,57,46,8,2.8,4.2,2.1,57.1,24.95,96,1.63
2026-07-21 16:57:03,Dispur,Assam,26.1433,91.7898,55,30,12,1.9,2.3,2.6,54.5,25.21,95,1.73
2026-07-21 16:57:03,Raipur,Chhattisgarh,21.2514,81.6296,113,113,90,3,3.4,0.5,16.8,24.24,92,5.49
2026-07-21 16:57:03,Panaji,Goa,15.4909,73.8278,63,63,40,9.5,6.5,1.3,3.3,26.48,88,4.51
2026-07-21 16:57:03,Gandhinagar,Gujarat,23.2156,72.6369,63,63,40,9.5,6.5,1.3,3.3,29.38,72,4.65
2026-07-21 16:57:03,Shimla,Himachal Pradesh,31.1048,77.1734,68,68,43,7.7,10.2,5.6,7.9,17.66,87,1.1
2026-07-21 16:57:03,Thiruvananthapuram,Kerala,8.5241,76.9366,46,46,35,6.4,7.7,1.2,4.4,25.28,87,3.13
2026-07-21 16:57:03,Imphal,Manipur,24.817,93.9368,61,61,20,5.5,4.6,3.1,13.5,21.06,97,0.49
2026-07-21 16:57:03,Shillong,Meghalaya,25.5788,91.8933,55,30,12,1.9,2.3,2.6,54.5,17.63,98,2.17
2026-07-21 16:57:03,Aizawl,Mizoram,23.7271,92.7176,61,61,20,5.5,4.6,3.1,13.5,19.15,99,1.24
2026-07-21 16:57:03,Kohima,Nagaland,25.6751,94.1086,61,61,20,5.5,4.6,3.1,13.5,17.93,98,1.86
2026-07-21 16:57:03,Gangtok,Sikkim,27.3389,88.6065,69,69,48,0.7,2.5,0.4,4.3,21.01,97,0.85
2026-07-21 16:57:03,Agartala,Tripura,23.8315,91.2868,114,114,68,3.5,6.3,2.9,5.8,24.96,93,4.5
2026-07-21 16:57:03,Dehradun,Uttarakhand,30.3165,78.0322,75,72,75,4.6,38.7,3.5,3.4,23.89,85,1.64
2026-07-21 16:57:03,Port Blair,Andaman and Nicobar Islands,11.6234,92.7265,35,35,,,2.9,0.6,,28.09,80,6.42
2026-07-21 16:57:03,Daman,Dadra and Nagar Haveli and Daman and Diu,20.3974,72.8328,63,63,40,9.5,6.5,1.3,3.3,27.1,87,9.35
2026-07-21 16:57:03,Srinagar,Jammu and Kashmir,34.0837,74.7973,117,117,74,6.4,7.4,2.6,35.8,20.03,90,0.45
2026-07-21 16:57:03,Leh,Ladakh,34.1526,77.5771,44,13,10,1.9,1.4,2.6,44.3,16.06,69,2.75
2026-07-21 16:57:03,Kavaratti,Lakshadweep,10.5669,72.642,63,63,40,9.5,6.5,1.3,3.3,28.24,78,5.4
2026-07-21 16:57:03,Puducherry,Puducherry,11.9416,79.8083,44,44,30,3.4,4.6,3.9,17.7,29.07,65,6.22
2026-07-21 18:21:32,Delhi,Delhi,28.6139,77.209,59,5,59,9.3,18.6,5.3,2.8,29.55,70,3.95
2026-07-21 18:21:32,Mumbai,Maharashtra,19.076,72.8777,63,63,40,9.5,6.5,1.3,3.3,27.99,81,10.51
2026-07-21 18:21:32,Bangalore,Karnataka,12.9716,77.5946,46,46,35,6.4,7.7,1.2,4.4,23.05,77,0.45
2026-07-21 18:21:32,Kolkata,West Bengal,22.5726,88.3639,172,172,,,,,,26.37,90,2.42
2026-07-21 18:21:32,Chennai,Tamil Nadu,13.0827,80.2707,46,46,,,,,,29.35,80,3.13
2026-07-21 18:21:32,Hyderabad,Telangana,17.385,78.4867,93,93,,,,,,23.65,85,7.19
2026-07-21 18:21:32,Pune,Maharashtra,18.5204,73.8567,63,63,40,9.5,6.5,1.3,3.3,24.07,86,5.7
2026-07-21 18:21:32,Lucknow,Uttar Pradesh,26.8467,80.9462,128,128,91,10.8,3,3.4,28.4,29.42,70,4.52
2026-07-21 18:21:32,Patna,Bihar,25.5941,85.1376,21,107,,1,0.5,0.6,20.9,28,79,5.55
2026-07-21 18:21:32,Ahmedabad,Gujarat,23.0225,72.5714,63,63,40,9.5,6.5,1.3,3.3,29.75,68,4.47
2026-07-21 18:21:32,Jaipur,Rajasthan,26.9124,75.7873,63,63,40,9.5,6.5,1.3,3.3,25.88,85,0.74
2026-07-21 18:21:32,Chandigarh,Chandigarh,30.7333,76.7794,68,68,43,7.7,10.2,5.6,7.9,28.68,72,5.77
2026-07-21 18:21:32,Bhopal,Madhya Pradesh,23.2599,77.4126,46,46,35,6.4,7.7,1.2,4.4,23.46,93,2.04
2026-07-21 18:21:32,Kanpur,Uttar Pradesh,26.4499,80.3319,150,150,86,6.3,9.9,0.4,5.4,29.02,76,2.88
2026-07-21 18:21:32,Guwahati,Assam,26.1445,91.7362,55,30,12,1.9,2.3,2.6,54.5,24.06,95,1.62
2026-07-21 18:21:32,Itanagar,Arunachal Pradesh,27.0844,93.6053,57,46,8,2.8,4.2,2.1,57.1,24.57,96,1.37
2026-07-21 18:21:32,Dispur,Assam,26.1433,91.7898,55,30,12,1.9,2.3,2.6,54.5,25.08,95,1.64
2026-07-21 18:21:32,Raipur,Chhattisgarh,21.2514,81.6296,113,113,90,3,3.4,0.5,16.8,24.25,92,5.79
2026-07-21 18:21:32,Panaji,Goa,15.4909,73.8278,63,63,40,9.5,6.5,1.3,3.3,26.79,89,5.2
2026-07-21 18:21:32,Gandhinagar,Gujarat,23.2156,72.6369,63,63,40,9.5,6.5,1.3,3.3,29.45,72,4.48
2026-07-21 18:21:32,Shimla,Himachal Pradesh,31.1048,77.1734,68,68,43,7.7,10.2,5.6,7.9,17.2,95,0.89
2026-07-21 18:21:32,Thiruvananthapuram,Kerala,8.5241,76.9366,46,46,35,6.4,7.7,1.2,4.4,25.18,89,2.56
2026-07-21 18:21:32,Imphal,Manipur,24.817,93.9368,61,61,20,5.5,4.6,3.1,13.5,20.85,97,0.74
2026-07-21 18:21:32,Shillong,Meghalaya,25.5788,91.8933,55,30,12,1.9,2.3,2.6,54.5,18.03,99,2.19
2026-07-21 18:21:32,Aizawl,Mizoram,23.7271,92.7176,17,13,17,0.6,0.5,5.8,2.3,19.21,99,1.18
2026-07-21 18:21:32,Kohima,Nagaland,25.6751,94.1086,61,61,20,5.5,4.6,3.1,13.5,17.86,97,1.92
2026-07-21 18:21:32,Gangtok,Sikkim,27.3389,88.6065,69,69,48,0.7,2.5,0.4,4.3,20.54,96,0.68
2026-07-21 18:21:32,Agartala,Tripura,23.8315,91.2868,114,114,68,3.5,6.3,2.9,5.8,24.93,94,4.16
2026-07-21 18:21:32,Dehradun,Uttarakhand,30.3165,78.0322,75,72,75,4.6,38.7,3.5,3.4,23.63,93,0.89
2026-07-21 18:21:32,Port Blair,Andaman and Nicobar Islands,11.6234,92.7265,35,35,,,2.9,0.6,,27.98,80,6.4
2026-07-21 18:21:32,Daman,Dadra and Nagar Haveli and Daman and Diu,20.3974,72.8328,63,63,40,9.5,6.5,1.3,3.3,27.32,87,9.22
2026-07-21 18:21:32,Srinagar,Jammu and Kashmir,34.0837,74.7973,117,117,74,6.4,7.4,2.6,35.8,20.03,91,0.88
2026-07-21 18:21:32,Leh,Ladakh,34.1526,77.5771,44,13,10,1.9,1.4,2.6,44.3,14.46,77,2.45
2026-07-21 18:21:32,Kavaratti,Lakshadweep,10.5669,72.642,63,63,40,9.5,6.5,1.3,3.3,28.33,78,5.49
2026-07-21 18:21:32,Puducherry,Puducherry,11.9416,79.8083,44,44,30,3.4,4.6,3.9,17.7,29.07,74,7.32
2026-07-21 20:02:56,Delhi,Delhi,28.6139,77.209,60,34,60,8.2,15.5,7.6,78.3,29.34,70,3.58
2026-07-21 20:02:56,Mumbai,Maharashtra,19.076,72.8777,46,46,30,7.1,7.2,3,4.6,27.84,83,10.61
2026-07-21 20:02:56,Bangalore,Karnataka,12.9716,77.5946,31,28,31,4.6,3.9,1.1,5.9,21.94,81,4.54
2026-07-21 20:02:56,Kolkata,West Bengal,22.5726,88.3639,172,172,,,,,,26.33,89,2.89
2026-07-21 20:02:56,Chennai,Tamil Nadu,13.0827,80.2707,46,46,,,,,,29.35,82,1.79
2026-07-21 20:02:56,Hyderabad,Telangana,17.385,78.4867,93,93,,,,,,23.09,87,6.49
2026-07-21 20:02:56,Pune,Maharashtra,18.5204,73.8567,46,46,30,7.1,7.2,3,4.6,24.04,88,6.59
2026-07-21 20:02:56,Lucknow,Uttar Pradesh,26.8467,80.9462,128,128,91,10.8,3,3.4,28.4,28.75,73,5.17
2026-07-21 20:02:56,Patna,Bihar,25.5941,85.1376,21,107,,1,0.5,0.6,20.9,27.46,82,5.48
2026-07-21 20:02:56,Ahmedabad,Gujarat,23.0225,72.5714,46,46,30,7.1,7.2,3,4.6,29.52,70,5.72
2026-07-21 20:02:56,Jaipur,Rajasthan,26.9124,75.7873,46,46,30,7.1,7.2,3,4.6,25.59,86,0.4
2026-07-21 20:02:56,Chandigarh,Chandigarh,30.7333,76.7794,54,50,54,4.8,7.9,5.2,2.8,27.8,72,6.33
2026-07-21 20:02:56,Bhopal,Madhya Pradesh,23.2599,77.4126,31,28,31,4.6,3.9,1.1,5.9,23.41,93,2.29
2026-07-21 20:02:56,Kanpur,Uttar Pradesh,26.4499,80.3319,150,150,86,6.3,9.9,0.4,5.4,28.62,74,3.73
2026-07-21 20:02:56,Guwahati,Assam,26.1445,91.7362,55,13,6,1.9,2.3,2.1,54.5,23.67,94,1.28
2026-07-21 20:02:56,Itanagar,Arunachal Pradesh,27.0844,93.6053,60,13,6,1.9,3.2,2.6,60.4,24.19,96,1.18
2026-07-21 20:02:56,Dispur,Assam,26.1433,91.7898,55,13,6,1.9,2.3,2.1,54.5,24.66,95,1.32
2026-07-21 20:02:56,Raipur,Chhattisgarh,21.2514,81.6296,113,113,90,3,3.4,0.5,16.8,23.96,94,5.84
2026-07-21 20:02:56,Panaji,Goa,15.4909,73.8278,46,46,30,7.1,7.2,3,4.6,26.65,89,5.35
2026-07-21 20:02:56,Gandhinagar,Gujarat,23.2156,72.6369,46,46,30,7.1,7.2,3,4.6,28.26,78,5.7
2026-07-21 20:02:56,Shimla,Himachal Pradesh,31.1048,77.1734,54,50,54,4.8,7.9,5.2,2.8,16.98,94,1.48
2026-07-21 20:02:56,Thiruvananthapuram,Kerala,8.5241,76.9366,31,28,31,4.6,3.9,1.1,5.9,24.68,92,2.5
2026-07-21 20:02:56,Imphal,Manipur,24.817,93.9368,46,46,11,4.6,4.2,4.1,7,20.45,98,0.6
2026-07-21 20:02:56,Shillong,Meghalaya,25.5788,91.8933,55,13,6,1.9,2.3,2.1,54.5,18.72,99,1.94
2026-07-21 20:02:56,Aizawl,Mizoram,23.7271,92.7176,17,13,17,0.6,0.5,5.8,2.3,18.93,99,0.99
2026-07-21 20:02:56,Kohima,Nagaland,25.6751,94.1086,46,46,11,4.6,4.2,4.1,7,17.58,97,1.64
2026-07-21 20:02:56,Gangtok,Sikkim,27.3389,88.6065,69,69,48,0.7,2.5,0.4,4.3,20.18,97,0.67
2026-07-21 20:02:56,Agartala,Tripura,23.8315,91.2868,114,114,68,3.5,6.3,2.9,5.8,24.59,96,3.99
2026-07-21 20:02:56,Dehradun,Uttarakhand,30.3165,78.0322,81,76,81,4.6,60.3,3.9,2.2,23.33,94,1.41
2026-07-21 20:02:56,Port Blair,Andaman and Nicobar Islands,11.6234,92.7265,31,31,,,2.4,0.6,,27.72,82,6.74
2026-07-21 20:02:56,Daman,Dadra and Nagar Haveli and Daman and Diu,20.3974,72.8328,46,46,30,7.1,7.2,3,4.6,27.2,88,9.29
2026-07-21 20:02:56,Srinagar,Jammu and Kashmir,34.0837,74.7973,65,65,57,2.8,1,2.1,45.5,19.47,92,0.5
2026-07-21 20:02:56,Leh,Ladakh,34.1526,77.5771,49,13,6,1,0.5,3.1,48.8,13.84,82,1.26
2026-07-21 20:02:56,Kavaratti,Lakshadweep,10.5669,72.642,46,46,30,7.1,7.2,3,4.6,28.12,78,5.99
2026-07-21 20:02:56,Puducherry,Puducherry,11.9416,79.8083,44,44,30,3.4,4.6,3.9,17.7,27.96,75,6.56
2026-07-21 21:41:43,Delhi,Delhi,28.6139,77.209,57,38,57,7.3,12.9,8.7,128.8,28.96,70,3.85
2026-07-21 21:41:43,Mumbai,Maharashtra,19.076,72.8777,50,50,36,5.9,7.2,1.2,3.9,27.73,83,11.07
2026-07-21 21:41:43,Bangalore,Karnataka,12.9716,77.5946,21,21,18,4.6,3.2,1.1,5.8,21.39,83,4.35
2026-07-21 21:41:43,Kolkata,West Bengal,22.5726,88.3639,172,172,,,,,,26.08,89,2.81
2026-07-21 21:41:43,Chennai,Tamil Nadu,13.0827,80.2707,46,46,,,,,,28.81,83,0.45
2026-07-21 21:41:43,Hyderabad,Telangana,17.385,78.4867,93,93,,,,,,23.2,86,6.83
2026-07-21 21:41:43,Pune,Maharashtra,18.5204,73.8567,50,50,36,5.9,7.2,1.2,3.9,24.07,77,7.52
2026-07-21 21:41:43,Lucknow,Uttar Pradesh,26.8467,80.9462,128,128,91,10.8,3,3.4,28.4,27.91,77,5.66
2026-07-21 21:41:43,Patna,Bihar,25.5941,85.1376,21,107,,1,0.5,0.6,20.9,26.88,84,5.03
2026-07-21 21:41:43,Ahmedabad,Gujarat,23.0225,72.5714,50,50,36,5.9,7.2,1.2,3.9,28.46,75,5.19
2026-07-21 21:41:43,Jaipur,Rajasthan,26.9124,75.7873,50,50,36,5.9,7.2,1.2,3.9,25.45,87,1.29
2026-07-21 21:41:43,Chandigarh,Chandigarh,30.7333,76.7794,51,25,51,3.9,5,5.4,4.7,27.7,71,5.97
2026-07-21 21:41:43,Bhopal,Madhya Pradesh,23.2599,77.4126,21,21,18,4.6,3.2,1.1,5.8,23.7,93,1.61
2026-07-21 21:41:43,Kanpur,Uttar Pradesh,26.4499,80.3319,150,150,86,6.3,9.9,0.4,5.4,27.78,78,3.7
2026-07-21 21:41:43,Guwahati,Assam,26.1445,91.7362,51,13,7,1.9,3.7,2.6,50.6,23.25,97,0.95
2026-07-21 21:41:43,Itanagar,Arunachal Pradesh,27.0844,93.6053,60,13,6,1.9,2.8,2.6,60.4,24.03,96,1.46
2026-07-21 21:41:43,Dispur,Assam,26.1433,91.7898,51,13,7,1.9,3.7,2.6,50.6,24.21,97,1.1
2026-07-21 21:41:43,Raipur,Chhattisgarh,21.2514,81.6296,113,113,90,3,3.4,0.5,16.8,23.79,94,5.67
2026-07-21 21:41:43,Panaji,Goa,15.4909,73.8278,50,50,36,5.9,7.2,1.2,3.9,26.28,88,6.17
2026-07-21 21:41:43,Gandhinagar,Gujarat,23.2156,72.6369,50,50,36,5.9,7.2,1.2,3.9,27.59,81,4.86
2026-07-21 21:41:43,Shimla,Himachal Pradesh,31.1048,77.1734,51,25,51,3.9,5,5.4,4.7,16.92,95,0.83
2026-07-21 21:41:43,Thiruvananthapuram,Kerala,8.5241,76.9366,21,21,18,4.6,3.2,1.1,5.8,24.27,93,2.31
2026-07-21 21:41:43,Imphal,Manipur,24.817,93.9368,55,55,11,4.6,2.8,4.1,8.2,20.35,98,0.43
2026-07-21 21:41:43,Shillong,Meghalaya,25.5788,91.8933,51,13,7,1.9,3.7,2.6,50.6,18.56,99,1.63
2026-07-21 21:41:43,Aizawl,Mizoram,23.7271,92.7176,55,55,11,4.6,2.8,4.1,8.2,18.77,99,0.82
2026-07-21 21:41:43,Kohima,Nagaland,25.6751,94.1086,55,55,11,4.6,2.8,4.1,8.2,17.41,97,1.52
2026-07-21 21:41:43,Gangtok,Sikkim,27.3389,88.6065,69,69,48,0.7,2.5,0.4,4.3,19.96,98,0.55
2026-07-21 21:41:43,Agartala,Tripura,23.8315,91.2868,114,114,68,3.5,6.3,2.9,5.8,24.41,95,3.89
2026-07-21 21:41:43,Dehradun,Uttarakhand,30.3165,78.0322,73,68,73,3.2,72.2,4.4,2.7,23.23,93,1.68
2026-07-21 21:41:43,Port Blair,Andaman and Nicobar Islands,11.6234,92.7265,31,31,,,2.4,0.6,,27.7,83,6.95
2026-07-21 21:41:43,Daman,Dadra and Nagar Haveli and Daman and Diu,20.3974,72.8328,50,50,36,5.9,7.2,1.2,3.9,27.16,86,9.93
2026-07-21 21:41:43,Srinagar,Jammu and Kashmir,34.0837,74.7973,87,80,87,2.8,1,2.1,48,18.92,91,0.45
2026-07-21 21:41:43,Leh,Ladakh,34.1526,77.5771,48,13,6,1,1,3.1,48.4,13.92,80,1.5
2026-07-21 21:41:43,Kavaratti,Lakshadweep,10.5669,72.642,50,50,36,5.9,7.2,1.2,3.9,28.14,78,6.28
2026-07-21 21:41:43,Puducherry,Puducherry,11.9416,79.8083,44,44,30,3.4,4.6,3.9,17.7,27.4,73,6.21
2026-07-21 23:04:03,Delhi,Delhi,28.6139,77.209,62,50,62,7.3,11,8.8,235.4,28.84,70,3.89
2026-07-21 23:04:03,Mumbai,Maharashtra,19.076,72.8777,63,63,31,6.1,7.5,1.4,3.4,27.56,84,11.07
2026-07-21 23:04:03,Bangalore,Karnataka,12.9716,77.5946,37,37,18,4.6,3.7,1.7,5.9,20.86,85,4.59
2026-07-21 23:04:03,Kolkata,West Bengal,22.5726,88.3639,172,172,,,,,,25.91,89,2.33
2026-07-21 23:04:03,Chennai,Tamil Nadu,13.0827,80.2707,46,46,,,,,,28.73,82,1.34
2026-07-21 23:04:03,Hyderabad,Telangana,17.385,78.4867,93,93,,,,,,23.2,86,6.87
2026-07-21 23:04:03,Pune,Maharashtra,18.5204,73.8567,63,63,31,6.1,7.5,1.4,3.4,24.07,78,7.2
2026-07-21 23:04:03,Lucknow,Uttar Pradesh,26.8467,80.9462,128,128,91,10.8,3,3.4,28.4,27.56,79,5.27
2026-07-21 23:04:03,Patna,Bihar,25.5941,85.1376,21,107,,1,0.5,0.6,20.9,26.85,85,4.91
2026-07-21 23:04:03,Ahmedabad,Gujarat,23.0225,72.5714,63,63,31,6.1,7.5,1.4,3.4,27.93,78,5.17
2026-07-21 23:04:03,Jaipur,Rajasthan,26.9124,75.7873,63,63,31,6.1,7.5,1.4,3.4,25.32,87,1.61
2026-07-21 23:04:03,Chandigarh,Chandigarh,30.7333,76.7794,55,55,53,7.1,6.7,5.2,5.1,27.45,71,5.74
2026-07-21 23:04:03,Bhopal,Madhya Pradesh,23.2599,77.4126,37,37,18,4.6,3.7,1.7,5.9,23.83,92,1.76
2026-07-21 23:04:03,Kanpur,Uttar Pradesh,26.4499,80.3319,150,150,86,6.3,9.9,0.4,5.4,27.76,77,4.55
2026-07-21 23:04:03,Guwahati,Assam,26.1445,91.7362,55,13,6,1.9,4.2,2.1,54.5,23.19,97,0.98
2026-07-21 23:04:03,Itanagar,Arunachal Pradesh,27.0844,93.6053,55,13,6,2.8,3.2,2.6,55.2,23.9,96,1.43
2026-07-21 23:04:03,Dispur,Assam,26.1433,91.7898,55,13,6,1.9,4.2,2.1,54.5,24.19,97,1.08
2026-07-21 23:04:03,Raipur,Chhattisgarh,21.2514,81.6296,113,113,90,3,3.4,0.5,16.8,23.68,94,5.41
2026-07-21 23:04:03,Panaji,Goa,15.4909,73.8278,63,63,31,6.1,7.5,1.4,3.4,26.4,88,6.38
2026-07-21 23:04:03,Gandhinagar,Gujarat,23.2156,72.6369,63,63,31,6.1,7.5,1.4,3.4,27.18,83,4.48
2026-07-21 23:04:03,Shimla,Himachal Pradesh,31.1048,77.1734,55,55,53,7.1,6.7,5.2,5.1,16.85,95,0.74
2026-07-21 23:04:03,Thiruvananthapuram,Kerala,8.5241,76.9366,37,37,18,4.6,3.7,1.7,5.9,24.11,93,2.49
2026-07-21 23:04:03,Imphal,Manipur,24.817,93.9368,53,53,13,5.5,3.7,3.6,4.5,20.46,98,0.47
2026-07-21 23:04:03,Shillong,Meghalaya,25.5788,91.8933,55,13,6,1.9,4.2,2.1,54.5,18.64,98,1.45
2026-07-21 23:04:03,Aizawl,Mizoram,23.7271,92.7176,53,53,13,5.5,3.7,3.6,4.5,18.74,99,0.8
2026-07-21 23:04:03,Kohima,Nagaland,25.6751,94.1086,53,53,13,5.5,3.7,3.6,4.5,17.4,96,1.38
2026-07-21 23:04:03,Gangtok,Sikkim,27.3389,88.6065,69,69,48,0.7,2.5,0.4,4.3,19.73,98,0.43
2026-07-21 23:04:03,Agartala,Tripura,23.8315,91.2868,114,114,68,3.5,6.3,2.9,5.8,24.26,95,3.77
2026-07-21 23:04:03,Dehradun,Uttarakhand,30.3165,78.0322,71,61,71,4.3,45.8,4.4,2.5,23.21,93,1.79
2026-07-21 23:04:03,Port Blair,Andaman and Nicobar Islands,11.6234,92.7265,31,31,,,2.4,0.6,,27.74,82,6.95
2026-07-21 23:04:03,Daman,Dadra and Nagar Haveli and Daman and Diu,20.3974,72.8328,63,63,31,6.1,7.5,1.4,3.4,27.07,86,9.97
2026-07-21 23:04:03,Srinagar,Jammu and Kashmir,34.0837,74.7973,89,70,89,2.8,1,2.1,47.2,18.92,93,0.86
2026-07-21 23:04:03,Leh,Ladakh,34.1526,77.5771,47,13,6,1,0.5,3.1,46.8,13.86,80,1.63
2026-07-21 23:04:03,Kavaratti,Lakshadweep,10.5669,72.642,63,63,31,6.1,7.5,1.4,3.4,28.27,78,6.61
2026-07-21 23:04:03,Puducherry,Puducherry,11.9416,79.8083,44,44,30,3.4,4.6,3.9,17.7,27.4,74,5.76
2026-07-22 00:57:53,Delhi,Delhi,28.6139,77.209,50,50,50,7.3,16.2,8.8,123.5,28.47,72,4.74
2026-07-22 00:57:53,Mumbai,Maharashtra,19.076,72.8777,74,74,26,7.5,7.8,2.5,4.2,27.5,85,11.44
2026-07-22 00:57:53,Bangalore,Karnataka,12.9716,77.5946,68,68,40,4.6,4.8,2,4.7,20.31,89,4.98
2026-07-22 00:57:53,Kolkata,West Bengal,22.5726,88.3639,172,172,,,,,,26.92,85,2.56
2026-07-22 00:57:53,Chennai,Tamil Nadu,13.0827,80.2707,46,46,,,,,,28.53,82,0.89
2026-07-22 00:57:53,Hyderabad,Telangana,17.385,78.4867,93,93,,,,,,23.26,84,6.91
2026-07-22 00:57:53,Pune,Maharashtra,18.5204,73.8567,74,74,26,7.5,7.8,2.5,4.2,23.52,80,7.76
2026-07-22 00:57:53,Lucknow,Uttar Pradesh,26.8467,80.9462,128,128,91,10.8,3,3.4,28.4,27.44,81,5.44
2026-07-22 00:57:53,Patna,Bihar,25.5941,85.1376,21,107,,1,0.5,0.6,20.9,27.46,81,6.72
2026-07-22 00:57:53,Ahmedabad,Gujarat,23.0225,72.5714,74,74,26,7.5,7.8,2.5,4.2,28.15,78,4.23
2026-07-22 00:57:53,Jaipur,Rajasthan,26.9124,75.7873,74,74,26,7.5,7.8,2.5,4.2,25.39,85,3.06
2026-07-22 00:57:53,Chandigarh,Chandigarh,30.7333,76.7794,85,85,55,5.5,2.3,5.2,4.9,27.54,71,3.86
2026-07-22 00:57:53,Bhopal,Madhya Pradesh,23.2599,77.4126,68,68,40,4.6,4.8,2,4.7,23.94,92,1.98
2026-07-22 00:57:53,Kanpur,Uttar Pradesh,26.4499,80.3319,150,150,86,6.3,9.9,0.4,5.4,27.22,82,6.13
2026-07-22 00:57:53,Guwahati,Assam,26.1445,91.7362,44,13,6,1.9,9.6,2.1,43.5,24.67,93,0.95
2026-07-22 00:57:53,Itanagar,Arunachal Pradesh,27.0844,93.6053,53,34,6,1.9,3.7,2.6,52.6,26.62,88,0.52
2026-07-22 00:57:53,Dispur,Assam,26.1433,91.7898,44,13,6,1.9,9.6,2.1,43.5,25.88,93,0.89
2026-07-22 00:57:53,Raipur,Chhattisgarh,21.2514,81.6296,113,113,90,3,3.4,0.5,16.8,24.03,90,4.98
2026-07-22 00:57:53,Panaji,Goa,15.4909,73.8278,74,74,26,7.5,7.8,2.5,4.2,26.45,87,7.23
2026-07-22 00:57:53,Gandhinagar,Gujarat,23.2156,72.6369,74,74,26,7.5,7.8,2.5,4.2,26.87,87,4.03
2026-07-22 00:57:53,Shimla,Himachal Pradesh,31.1048,77.1734,85,85,55,5.5,2.3,5.2,4.9,15.87,95,1.2
2026-07-22 00:57:53,Thiruvananthapuram,Kerala,8.5241,76.9366,68,68,40,4.6,4.8,2,4.7,24.11,92,2.24
2026-07-22 00:57:53,Imphal,Manipur,24.817,93.9368,30,30,11,5.5,3.7,3.6,4.1,21.99,95,0.42
2026-07-22 00:57:53,Shillong,Meghalaya,25.5788,91.8933,44,13,6,1.9,9.6,2.1,43.5,19.58,92,1.09
2026-07-22 00:57:53,Aizawl,Mizoram,23.7271,92.7176,30,30,11,5.5,3.7,3.6,4.1,19.34,99,0.46
2026-07-22 00:57:53,Kohima,Nagaland,25.6751,94.1086,30,30,11,5.5,3.7,3.6,4.1,20.74,93,0.76
2026-07-22 00:57:53,Gangtok,Sikkim,27.3389,88.6065,69,69,48,0.7,2.5,0.4,4.3,21.73,91,0.55
2026-07-22 00:57:53,Agartala,Tripura,23.8315,91.2868,114,114,68,3.5,6.3,2.9,5.8,25.16,93,3.81
2026-07-22 00:57:53,Dehradun,Uttarakhand,30.3165,78.0322,80,63,80,3.7,38.2,4.5,2.8,24.09,90,1.34
2026-07-22 00:57:53,Port Blair,Andaman and Nicobar Islands,11.6234,92.7265,35,35,,,2.4,0.6,,28.24,79,6.96
2026-07-22 00:57:53,Daman,Dadra and Nagar Haveli and Daman and Diu,20.3974,72.8328,74,74,26,7.5,7.8,2.5,4.2,27.03,88,10.11
2026-07-22 00:57:53,Srinagar,Jammu and Kashmir,34.0837,74.7973,63,63,63,2.8,1,1.6,48,18.36,92,0.52
2026-07-22 00:57:53,Leh,Ladakh,34.1526,77.5771,42,13,6,1.9,3.2,3.1,41.5,14.33,78,1.54
2026-07-22 00:57:53,Kavaratti,Lakshadweep,10.5669,72.642,74,74,26,7.5,7.8,2.5,4.2,28.34,76,7.12
2026-07-22 00:57:53,Puducherry,Puducherry,11.9416,79.8083,44,44,30,3.4,4.6,3.9,17.7,27.4,75,4.71
